img_id,image_url,product_name,mantle_sku
82_hires,https://images.pokemontcg.io/ex1/82_hires.png,Energy Switch,PKM-ex1-82-NM-F
82_hires,https://images.pokemontcg.io/ex1/82_hires.png,Energy Switch,PKM-ex1-82-NM
93_hires,https://images.pokemontcg.io/ex1/93_hires.png,Darkness Energy,PKM-ex1-93-NM
93_hires,https://images.pokemontcg.io/ex1/93_hires.png,Darkness Energy,PKM-ex1-93-NM-F
90_hires,https://images.pokemontcg.io/ex1/90_hires.png,Energy Search,PKM-ex1-90-NM-F
90_hires,https://images.pokemontcg.io/ex1/90_hires.png,Energy Search,PKM-ex1-90-NM
105_hires,https://images.pokemontcg.io/ex1/105_hires.png,Fighting Energy,PKM-ex1-105-NM-F
104_hires,https://images.pokemontcg.io/ex1/104_hires.png,Grass Energy,PKM-ex1-104-NM
92_hires,https://images.pokemontcg.io/ex1/92_hires.png,Switch,PKM-ex1-92-NM
104_hires,https://images.pokemontcg.io/ex1/104_hires.png,Grass Energy,PKM-ex1-104-NM-F
91_hires,https://images.pokemontcg.io/ex1/91_hires.png,Potion,PKM-ex1-91-NM
91_hires,https://images.pokemontcg.io/ex1/91_hires.png,Potion,PKM-ex1-91-NM-F
105_hires,https://images.pokemontcg.io/ex1/105_hires.png,Fighting Energy,PKM-ex1-105-NM
109_hires,https://images.pokemontcg.io/ex1/109_hires.png,Lightning Energy,PKM-ex1-109-NM-F
109_hires,https://images.pokemontcg.io/ex1/109_hires.png,Lightning Energy,PKM-ex1-109-NM
137_hires,https://images.pokemontcg.io/swsh10/137_hires.png,Choy,PKM-swsh10-137-NM
137_hires,https://images.pokemontcg.io/swsh10/137_hires.png,Choy,PKM-swsh10-137-NM-F
159_hires,https://images.pokemontcg.io/swsh10/159_hires.png,Zisu,PKM-swsh10-159-NM
159_hires,https://images.pokemontcg.io/swsh10/159_hires.png,Zisu,PKM-swsh10-159-NM-F
177_hires,https://images.pokemontcg.io/sv1/177_hires.png,Katy,PKM-sv1-177-NM
177_hires,https://images.pokemontcg.io/sv1/177_hires.png,Katy,PKM-sv1-177-NM-F
101_hires,https://images.pokemontcg.io/ex1/101_hires.png,Mewtwo ex,PKM-ex1-101-NM
96_hires,https://images.pokemontcg.io/ex1/96_hires.png,Chansey ex,PKM-ex1-96-NM-F
176_hires,https://images.pokemontcg.io/sv1/176_hires.png,Judge,PKM-sv1-176-NM
176_hires,https://images.pokemontcg.io/sv1/176_hires.png,Judge,PKM-sv1-176-NM-F
184_hires,https://images.pokemontcg.io/sv1/184_hires.png,Picnic Basket,PKM-sv1-184-NM
184_hires,https://images.pokemontcg.io/sv1/184_hires.png,Picnic Basket,PKM-sv1-184-NM-F
183_hires,https://images.pokemontcg.io/sv1/183_hires.png,Penny,PKM-sv1-183-NM
183_hires,https://images.pokemontcg.io/sv1/183_hires.png,Penny,PKM-sv1-183-NM-F
237_hires,https://images.pokemontcg.io/sv1/237_hires.png,Katy,PKM-sv1-237-NM
237_hires,https://images.pokemontcg.io/sv1/237_hires.png,Katy,PKM-sv1-237-NM-F
100_hires,https://images.pokemontcg.io/ex1/100_hires.png,Magmar ex,PKM-ex1-100-NM
100_hires,https://images.pokemontcg.io/ex1/100_hires.png,Magmar ex,PKM-ex1-100-NM-F
99_hires,https://images.pokemontcg.io/ex1/99_hires.png,Lapras ex,PKM-ex1-99-NM-F
99_hires,https://images.pokemontcg.io/ex1/99_hires.png,Lapras ex,PKM-ex1-99-NM
102_hires,https://images.pokemontcg.io/ex1/102_hires.png,Scyther ex,PKM-ex1-102-NM-F
102_hires,https://images.pokemontcg.io/ex1/102_hires.png,Scyther ex,PKM-ex1-102-NM
30_hires,https://images.pokemontcg.io/pgo/30_hires.png,Mewtwo V,PKM-pgo-30-NM-F
182_hires,https://images.pokemontcg.io/sv1/182_hires.png,Pal Pad,PKM-sv1-182-NM
182_hires,https://images.pokemontcg.io/sv1/182_hires.png,Pal Pad,PKM-sv1-182-NM-F
180_hires,https://images.pokemontcg.io/sv1/180_hires.png,Nemona,PKM-sv1-180-NM
180_hires,https://images.pokemontcg.io/sv1/180_hires.png,Nemona,PKM-sv1-180-NM-F
103_hires,https://images.pokemontcg.io/ex1/103_hires.png,Sneasel ex,PKM-ex1-103-NM
103_hires,https://images.pokemontcg.io/ex1/103_hires.png,Sneasel ex,PKM-ex1-103-NM-F
101_hires,https://images.pokemontcg.io/ex1/101_hires.png,Mewtwo ex,PKM-ex1-101-NM-F
98_hires,https://images.pokemontcg.io/ex1/98_hires.png,Hitmonchan ex,PKM-ex1-98-NM
98_hires,https://images.pokemontcg.io/ex1/98_hires.png,Hitmonchan ex,PKM-ex1-98-NM-F
173_hires,https://images.pokemontcg.io/sv1/173_hires.png,Energy Switch,PKM-sv1-173-NM
173_hires,https://images.pokemontcg.io/sv1/173_hires.png,Energy Switch,PKM-sv1-173-NM-F
67_hires,https://images.pokemontcg.io/pgo/67_hires.png,Lure Module,PKM-pgo-67-NM-F
109_hires,https://images.pokemontcg.io/ex7/109_hires.png,Treecko ★,PKM-ex7-109-NM
109_hires,https://images.pokemontcg.io/ex7/109_hires.png,Treecko ★,PKM-ex7-109-NM-F
71_hires,https://images.pokemontcg.io/ecard3/71_hires.png,Lapras,PKM-ecard3-71-NM-F
85_hires,https://images.pokemontcg.io/ecard3/85_hires.png,Pineco,PKM-ecard3-85-NM-F
69_hires,https://images.pokemontcg.io/ecard3/69_hires.png,Kadabra,PKM-ecard3-69-NM
64_hires,https://images.pokemontcg.io/ecard3/64_hires.png,Heracross,PKM-ecard3-64-NM
18_hires,https://images.pokemontcg.io/sv8/18_hires.png,Paldean Tauros,PKM-sv8-18-NM-F
18_hires,https://images.pokemontcg.io/sv8/18_hires.png,Paldean Tauros,PKM-sv8-18-NM
79_hires,https://images.pokemontcg.io/ecard3/79_hires.png,Murkrow,PKM-ecard3-79-NM-F
78_hires,https://images.pokemontcg.io/ecard3/78_hires.png,Meowth,PKM-ecard3-78-NM-F
98_hires,https://images.pokemontcg.io/ecard3/98_hires.png,Slugma,PKM-ecard3-98-NM
71_hires,https://images.pokemontcg.io/swsh11/71_hires.png,Mawile,PKM-swsh11-71-NM
65_hires,https://images.pokemontcg.io/ecard3/65_hires.png,Hoothoot,PKM-ecard3-65-NM-F
65_hires,https://images.pokemontcg.io/ecard3/65_hires.png,Hoothoot,PKM-ecard3-65-NM
60_hires,https://images.pokemontcg.io/ecard3/60_hires.png,Golbat,PKM-ecard3-60-NM
60_hires,https://images.pokemontcg.io/ecard3/60_hires.png,Golbat,PKM-ecard3-60-NM-F
86_hires,https://images.pokemontcg.io/ecard3/86_hires.png,Pineco,PKM-ecard3-86-NM-F
86_hires,https://images.pokemontcg.io/ecard3/86_hires.png,Pineco,PKM-ecard3-86-NM
73_hires,https://images.pokemontcg.io/ecard3/73_hires.png,Ledyba,PKM-ecard3-73-NM
92_hires,https://images.pokemontcg.io/ecard3/92_hires.png,Sandshrew,PKM-ecard3-92-NM-F
92_hires,https://images.pokemontcg.io/ecard3/92_hires.png,Sandshrew,PKM-ecard3-92-NM
73_hires,https://images.pokemontcg.io/ecard3/73_hires.png,Ledyba,PKM-ecard3-73-NM-F
70_hires,https://images.pokemontcg.io/ecard3/70_hires.png,Kakuna,PKM-ecard3-70-NM-F
87_hires,https://images.pokemontcg.io/ecard3/87_hires.png,Poliwag,PKM-ecard3-87-NM-F
SM177_hires,https://images.pokemontcg.io/smp/SM177_hires.png,Meltan,PKM-smp-SM177-NM
SM225_hires,https://images.pokemontcg.io/smp/SM225_hires.png,Victini,PKM-smp-SM225-NM-F
SM224_hires,https://images.pokemontcg.io/smp/SM224_hires.png,Celebi,PKM-smp-SM224-NM
214_hires,https://images.pokemontcg.io/sv8/214_hires.png,Braviary,PKM-sv8-214-NM
138_hires,https://images.pokemontcg.io/swsh11/138_hires.png,Lickitung,PKM-swsh11-138-NM-F
80_hires,https://images.pokemontcg.io/swsh11/80_hires.png,Mimikyu,PKM-swsh11-80-NM
193_hires,https://images.pokemontcg.io/swsh11/193_hires.png,Lady,PKM-swsh11-193-NM
5_hires,https://images.pokemontcg.io/sv8pt5/5_hires.png,Leafeon,PKM-sv8pt5-5-NM-F
91_hires,https://images.pokemontcg.io/ecard3/91_hires.png,Rhyhorn,PKM-ecard3-91-NM-F
68_hires,https://images.pokemontcg.io/ecard3/68_hires.png,Jigglypuff,PKM-ecard3-68-NM
68_hires,https://images.pokemontcg.io/ecard3/68_hires.png,Jigglypuff,PKM-ecard3-68-NM-F
87_hires,https://images.pokemontcg.io/ecard3/87_hires.png,Poliwag,PKM-ecard3-87-NM
76_hires,https://images.pokemontcg.io/ecard3/76_hires.png,Magnemite,PKM-ecard3-76-NM
76_hires,https://images.pokemontcg.io/ecard3/76_hires.png,Magnemite,PKM-ecard3-76-NM-F
81_hires,https://images.pokemontcg.io/ecard3/81_hires.png,Nidoran ♀,PKM-ecard3-81-NM
91_hires,https://images.pokemontcg.io/ecard3/91_hires.png,Rhyhorn,PKM-ecard3-91-NM
75_hires,https://images.pokemontcg.io/ecard3/75_hires.png,Magikarp,PKM-ecard3-75-NM-F
75_hires,https://images.pokemontcg.io/ecard3/75_hires.png,Magikarp,PKM-ecard3-75-NM
61_hires,https://images.pokemontcg.io/ecard3/61_hires.png,Granbull,PKM-ecard3-61-NM-F
61_hires,https://images.pokemontcg.io/ecard3/61_hires.png,Granbull,PKM-ecard3-61-NM
88_hires,https://images.pokemontcg.io/ecard3/88_hires.png,Poliwhirl,PKM-ecard3-88-NM
74_hires,https://images.pokemontcg.io/ecard3/74_hires.png,Machop,PKM-ecard3-74-NM-F
74_hires,https://images.pokemontcg.io/ecard3/74_hires.png,Machop,PKM-ecard3-74-NM
81_hires,https://images.pokemontcg.io/ecard3/81_hires.png,Nidoran ♀,PKM-ecard3-81-NM-F
117_hires,https://images.pokemontcg.io/ecard3/117_hires.png,Zubat,PKM-ecard3-117-NM-F
79_hires,https://images.pokemontcg.io/ecard3/79_hires.png,Murkrow,PKM-ecard3-79-NM
67_hires,https://images.pokemontcg.io/ecard3/67_hires.png,Igglybuff,PKM-ecard3-67-NM
80_hires,https://images.pokemontcg.io/ecard3/80_hires.png,Natu,PKM-ecard3-80-NM-F
80_hires,https://images.pokemontcg.io/ecard3/80_hires.png,Natu,PKM-ecard3-80-NM
82_hires,https://images.pokemontcg.io/ecard3/82_hires.png,Nidoran ♀,PKM-ecard3-82-NM
69_hires,https://images.pokemontcg.io/ecard3/69_hires.png,Kadabra,PKM-ecard3-69-NM-F
72_hires,https://images.pokemontcg.io/ecard3/72_hires.png,Ledyba,PKM-ecard3-72-NM
72_hires,https://images.pokemontcg.io/ecard3/72_hires.png,Ledyba,PKM-ecard3-72-NM-F
82_hires,https://images.pokemontcg.io/ecard3/82_hires.png,Nidoran ♀,PKM-ecard3-82-NM-F
90_hires,https://images.pokemontcg.io/ecard3/90_hires.png,Rattata,PKM-ecard3-90-NM
90_hires,https://images.pokemontcg.io/ecard3/90_hires.png,Rattata,PKM-ecard3-90-NM-F
67_hires,https://images.pokemontcg.io/ecard3/67_hires.png,Igglybuff,PKM-ecard3-67-NM-F
77_hires,https://images.pokemontcg.io/ecard3/77_hires.png,Mantine,PKM-ecard3-77-NM
77_hires,https://images.pokemontcg.io/ecard3/77_hires.png,Mantine,PKM-ecard3-77-NM-F
88_hires,https://images.pokemontcg.io/ecard3/88_hires.png,Poliwhirl,PKM-ecard3-88-NM-F
84_hires,https://images.pokemontcg.io/ecard3/84_hires.png,Pikachu,PKM-ecard3-84-NM
84_hires,https://images.pokemontcg.io/ecard3/84_hires.png,Pikachu,PKM-ecard3-84-NM-F
70_hires,https://images.pokemontcg.io/ecard3/70_hires.png,Kakuna,PKM-ecard3-70-NM
89_hires,https://images.pokemontcg.io/ecard3/89_hires.png,Raticate,PKM-ecard3-89-NM-F
85_hires,https://images.pokemontcg.io/swsh11/85_hires.png,Poliwrath,PKM-swsh11-85-NM-F
89_hires,https://images.pokemontcg.io/ecard3/89_hires.png,Raticate,PKM-ecard3-89-NM
108_hires,https://images.pokemontcg.io/ecard3/108_hires.png,Swinub,PKM-ecard3-108-NM
108_hires,https://images.pokemontcg.io/ecard3/108_hires.png,Swinub,PKM-ecard3-108-NM-F
107_hires,https://images.pokemontcg.io/ecard3/107_hires.png,Swinub,PKM-ecard3-107-NM
107_hires,https://images.pokemontcg.io/ecard3/107_hires.png,Swinub,PKM-ecard3-107-NM-F
96_hires,https://images.pokemontcg.io/ecard3/96_hires.png,Shuckle,PKM-ecard3-96-NM-F
98_hires,https://images.pokemontcg.io/ecard3/98_hires.png,Slugma,PKM-ecard3-98-NM-F
96_hires,https://images.pokemontcg.io/ecard3/96_hires.png,Shuckle,PKM-ecard3-96-NM
112_hires,https://images.pokemontcg.io/ecard3/112_hires.png,Venonat,PKM-ecard3-112-NM-F
95_hires,https://images.pokemontcg.io/ecard3/95_hires.png,Seel,PKM-ecard3-95-NM
95_hires,https://images.pokemontcg.io/ecard3/95_hires.png,Seel,PKM-ecard3-95-NM-F
112_hires,https://images.pokemontcg.io/ecard3/112_hires.png,Venonat,PKM-ecard3-112-NM
116_hires,https://images.pokemontcg.io/ecard3/116_hires.png,Yanma,PKM-ecard3-116-NM-F
116_hires,https://images.pokemontcg.io/ecard3/116_hires.png,Yanma,PKM-ecard3-116-NM
117_hires,https://images.pokemontcg.io/ecard3/117_hires.png,Zubat,PKM-ecard3-117-NM
106_hires,https://images.pokemontcg.io/ecard3/106_hires.png,Sunkern,PKM-ecard3-106-NM
106_hires,https://images.pokemontcg.io/ecard3/106_hires.png,Sunkern,PKM-ecard3-106-NM-F
103_hires,https://images.pokemontcg.io/ecard3/103_hires.png,Staryu,PKM-ecard3-103-NM
103_hires,https://images.pokemontcg.io/ecard3/103_hires.png,Staryu,PKM-ecard3-103-NM-F
93_hires,https://images.pokemontcg.io/ecard3/93_hires.png,Sandslash,PKM-ecard3-93-NM
93_hires,https://images.pokemontcg.io/ecard3/93_hires.png,Sandslash,PKM-ecard3-93-NM-F
94_hires,https://images.pokemontcg.io/ecard3/94_hires.png,Seel,PKM-ecard3-94-NM
94_hires,https://images.pokemontcg.io/ecard3/94_hires.png,Seel,PKM-ecard3-94-NM-F
114_hires,https://images.pokemontcg.io/ecard3/114_hires.png,Weedle,PKM-ecard3-114-NM-F
114_hires,https://images.pokemontcg.io/ecard3/114_hires.png,Weedle,PKM-ecard3-114-NM
102_hires,https://images.pokemontcg.io/ecard3/102_hires.png,Stantler,PKM-ecard3-102-NM
102_hires,https://images.pokemontcg.io/ecard3/102_hires.png,Stantler,PKM-ecard3-102-NM-F
101_hires,https://images.pokemontcg.io/swsh11/101_hires.png,Relicanth,PKM-swsh11-101-NM-F
115_hires,https://images.pokemontcg.io/ecard3/115_hires.png,Weedle,PKM-ecard3-115-NM
115_hires,https://images.pokemontcg.io/ecard3/115_hires.png,Weedle,PKM-ecard3-115-NM-F
105_hires,https://images.pokemontcg.io/ecard3/105_hires.png,Sunflora,PKM-ecard3-105-NM
105_hires,https://images.pokemontcg.io/ecard3/105_hires.png,Sunflora,PKM-ecard3-105-NM-F
104_hires,https://images.pokemontcg.io/ecard3/104_hires.png,Staryu,PKM-ecard3-104-NM
104_hires,https://images.pokemontcg.io/ecard3/104_hires.png,Staryu,PKM-ecard3-104-NM-F
99_hires,https://images.pokemontcg.io/ecard3/99_hires.png,Slugma,PKM-ecard3-99-NM-F
111_hires,https://images.pokemontcg.io/ecard3/111_hires.png,Venomoth,PKM-ecard3-111-NM
97_hires,https://images.pokemontcg.io/ecard3/97_hires.png,Skarmory,PKM-ecard3-97-NM
97_hires,https://images.pokemontcg.io/ecard3/97_hires.png,Skarmory,PKM-ecard3-97-NM-F
110_hires,https://images.pokemontcg.io/ecard3/110_hires.png,Ursaring,PKM-ecard3-110-NM-F
110_hires,https://images.pokemontcg.io/ecard3/110_hires.png,Ursaring,PKM-ecard3-110-NM
101_hires,https://images.pokemontcg.io/ecard3/101_hires.png,Snubbull,PKM-ecard3-101-NM-F
101_hires,https://images.pokemontcg.io/ecard3/101_hires.png,Snubbull,PKM-ecard3-101-NM
113_hires,https://images.pokemontcg.io/ecard3/113_hires.png,Voltorb,PKM-ecard3-113-NM
113_hires,https://images.pokemontcg.io/ecard3/113_hires.png,Voltorb,PKM-ecard3-113-NM-F
118_hires,https://images.pokemontcg.io/ecard3/118_hires.png,Zubat,PKM-ecard3-118-NM-F
118_hires,https://images.pokemontcg.io/ecard3/118_hires.png,Zubat,PKM-ecard3-118-NM
111_hires,https://images.pokemontcg.io/ecard3/111_hires.png,Venomoth,PKM-ecard3-111-NM-F
109_hires,https://images.pokemontcg.io/ecard3/109_hires.png,Teddiursa,PKM-ecard3-109-NM
109_hires,https://images.pokemontcg.io/ecard3/109_hires.png,Teddiursa,PKM-ecard3-109-NM-F
89_hires,https://images.pokemontcg.io/dp5/89_hires.png,Dome Fossil,PKM-dp5-89-NM-F
89_hires,https://images.pokemontcg.io/dp5/89_hires.png,Dome Fossil,PKM-dp5-89-NM
19_hires,https://images.pokemontcg.io/sv8/19_hires.png,Ho-Oh,PKM-sv8-19-NM-F
19_hires,https://images.pokemontcg.io/sv8/19_hires.png,Ho-Oh,PKM-sv8-19-NM
95_hires,https://images.pokemontcg.io/ex2/95_hires.png,Aggron ex,PKM-ex2-95-NM
101_hires,https://images.pokemontcg.io/xy9/101_hires.png,Gyarados Spirit Link,PKM-xy9-101-NM
101_hires,https://images.pokemontcg.io/xy9/101_hires.png,Gyarados Spirit Link,PKM-xy9-101-NM-F
107_hires,https://images.pokemontcg.io/xy9/107_hires.png,Professor Sycamore,PKM-xy9-107-NM
107_hires,https://images.pokemontcg.io/xy9/107_hires.png,Professor Sycamore,PKM-xy9-107-NM-F
113_hires,https://images.pokemontcg.io/xy9/113_hires.png,Splash Energy,PKM-xy9-113-NM-F
113_hires,https://images.pokemontcg.io/xy9/113_hires.png,Splash Energy,PKM-xy9-113-NM
90_hires,https://images.pokemontcg.io/xy9/90_hires.png,Dunsparce,PKM-xy9-90-NM-F
99_hires,https://images.pokemontcg.io/xy9/99_hires.png,Fighting Fury Belt,PKM-xy9-99-NM-F
99_hires,https://images.pokemontcg.io/xy9/99_hires.png,Fighting Fury Belt,PKM-xy9-99-NM
91_hires,https://images.pokemontcg.io/xy9/91_hires.png,Stantler,PKM-xy9-91-NM
91_hires,https://images.pokemontcg.io/xy9/91_hires.png,Stantler,PKM-xy9-91-NM-F
21_hires,https://images.pokemontcg.io/sv8/21_hires.png,Victini,PKM-sv8-21-NM-F
21_hires,https://images.pokemontcg.io/sv8/21_hires.png,Victini,PKM-sv8-21-NM
39_hires,https://images.pokemontcg.io/sv8/39_hires.png,Paldean Tauros,PKM-sv8-39-NM-F
39_hires,https://images.pokemontcg.io/sv8/39_hires.png,Paldean Tauros,PKM-sv8-39-NM
98_hires,https://images.pokemontcg.io/xy9/98_hires.png,Delinquent,PKM-xy9-98-NM-F
98_hires,https://images.pokemontcg.io/xy9/98_hires.png,Delinquent,PKM-xy9-98-NM
104_hires,https://images.pokemontcg.io/xy9/104_hires.png,Misty's Determination,PKM-xy9-104-NM
104_hires,https://images.pokemontcg.io/xy9/104_hires.png,Misty's Determination,PKM-xy9-104-NM-F
106_hires,https://images.pokemontcg.io/xy9/106_hires.png,Potion,PKM-xy9-106-NM-F
106_hires,https://images.pokemontcg.io/xy9/106_hires.png,Potion,PKM-xy9-106-NM
155_hires,https://images.pokemontcg.io/swsh11/155_hires.png,Colress's Experiment,PKM-swsh11-155-NM-F
107a_hires,https://images.pokemontcg.io/xy9/107a_hires.png,Professor Sycamore,PKM-xy9-107a-NM
107a_hires,https://images.pokemontcg.io/xy9/107a_hires.png,Professor Sycamore,PKM-xy9-107a-NM-F
155_hires,https://images.pokemontcg.io/swsh11/155_hires.png,Colress's Experiment,PKM-swsh11-155-NM
114_hires,https://images.pokemontcg.io/swsh11/114_hires.png,Murkrow,PKM-swsh11-114-NM-F
161_hires,https://images.pokemontcg.io/swsh11/161_hires.png,Lost City,PKM-swsh11-161-NM-F
22_hires,https://images.pokemontcg.io/sv7/22_hires.png,Reshiram,PKM-sv7-22-NM-F
10_hires,https://images.pokemontcg.io/sv6pt5/10_hires.png,Horsea,PKM-sv6pt5-10-NM
10_hires,https://images.pokemontcg.io/sv6pt5/10_hires.png,Horsea,PKM-sv6pt5-10-NM-F
34_hires,https://images.pokemontcg.io/pgo/34_hires.png,Lunatone,PKM-pgo-34-NM-F
6_hires,https://images.pokemontcg.io/tk2b/6_hires.png,Minun,PKM-tk2b-6-NM
3_hires,https://images.pokemontcg.io/sv6pt5/3_hires.png,Rowlet,PKM-sv6pt5-3-NM
3_hires,https://images.pokemontcg.io/sv6pt5/3_hires.png,Rowlet,PKM-sv6pt5-3-NM-F
53_hires,https://images.pokemontcg.io/sv6pt5/53_hires.png,Bewear,PKM-sv6pt5-53-NM
107_hires,https://images.pokemontcg.io/sv8/107_hires.png,Gastrodon,PKM-sv8-107-NM
110_hires,https://images.pokemontcg.io/sv8/110_hires.png,Landorus,PKM-sv8-110-NM-F
110_hires,https://images.pokemontcg.io/sv8/110_hires.png,Landorus,PKM-sv8-110-NM
116_hires,https://images.pokemontcg.io/sv8/116_hires.png,Koraidon,PKM-sv8-116-NM-F
174_hires,https://images.pokemontcg.io/swsh11/174_hires.png,Kyurem V,PKM-swsh11-174-NM
37_hires,https://images.pokemontcg.io/sv7/37_hires.png,Tirtouga,PKM-sv7-37-NM-F
4_hires,https://images.pokemontcg.io/sv6pt5/4_hires.png,Dartrix,PKM-sv6pt5-4-NM
4_hires,https://images.pokemontcg.io/sv6pt5/4_hires.png,Dartrix,PKM-sv6pt5-4-NM-F
27_hires,https://images.pokemontcg.io/sv6pt5/27_hires.png,Zubat,PKM-sv6pt5-27-NM
27_hires,https://images.pokemontcg.io/sv6pt5/27_hires.png,Zubat,PKM-sv6pt5-27-NM-F
13_hires,https://images.pokemontcg.io/sv6pt5/13_hires.png,Sneasel,PKM-sv6pt5-13-NM
13_hires,https://images.pokemontcg.io/sv6pt5/13_hires.png,Sneasel,PKM-sv6pt5-13-NM-F
8_hires,https://images.pokemontcg.io/sv6pt5/8_hires.png,Houndoom,PKM-sv6pt5-8-NM
8_hires,https://images.pokemontcg.io/sv6pt5/8_hires.png,Houndoom,PKM-sv6pt5-8-NM-F
1_hires,https://images.pokemontcg.io/sv6pt5/1_hires.png,Joltik,PKM-sv6pt5-1-NM
1_hires,https://images.pokemontcg.io/sv6pt5/1_hires.png,Joltik,PKM-sv6pt5-1-NM-F
11_hires,https://images.pokemontcg.io/sv8/11_hires.png,Zarude,PKM-sv8-11-NM
29_hires,https://images.pokemontcg.io/sv8/29_hires.png,Fuecoco,PKM-sv8-29-NM
25_hires,https://images.pokemontcg.io/sv8/25_hires.png,Volcarona,PKM-sv8-25-NM
102_hires,https://images.pokemontcg.io/dp3/102_hires.png,Ralts,PKM-dp3-102-NM-F
141_hires,https://images.pokemontcg.io/swsh11/141_hires.png,Porygon2,PKM-swsh11-141-NM-F
229_hires,https://images.pokemontcg.io/sv4/229_hires.png,Roaring Moon ex,PKM-sv4-229-NM
170_hires,https://images.pokemontcg.io/swsh11/170_hires.png,Windup Arm,PKM-swsh11-170-NM-F
128_hires,https://images.pokemontcg.io/sv8/128_hires.png,Klefki,PKM-sv8-128-NM
67_hires,https://images.pokemontcg.io/sv8/67_hires.png,Kilowattrel,PKM-sv8-67-NM-F
43_hires,https://images.pokemontcg.io/sv6pt5/43_hires.png,Varoom,PKM-sv6pt5-43-NM
43_hires,https://images.pokemontcg.io/sv6pt5/43_hires.png,Varoom,PKM-sv6pt5-43-NM-F
30_hires,https://images.pokemontcg.io/sv6pt5/30_hires.png,Absol,PKM-sv6pt5-30-NM
30_hires,https://images.pokemontcg.io/sv6pt5/30_hires.png,Absol,PKM-sv6pt5-30-NM-F
33_hires,https://images.pokemontcg.io/sv6pt5/33_hires.png,Inkay,PKM-sv6pt5-33-NM
33_hires,https://images.pokemontcg.io/sv6pt5/33_hires.png,Inkay,PKM-sv6pt5-33-NM-F
31_hires,https://images.pokemontcg.io/sv6pt5/31_hires.png,Zorua,PKM-sv6pt5-31-NM
31_hires,https://images.pokemontcg.io/sv6pt5/31_hires.png,Zorua,PKM-sv6pt5-31-NM-F
206_hires,https://images.pokemontcg.io/sv4/206_hires.png,Morpeko,PKM-sv4-206-NM
52_hires,https://images.pokemontcg.io/sv6pt5/52_hires.png,Stufful,PKM-sv6pt5-52-NM
99_hires,https://images.pokemontcg.io/sv6pt5/99_hires.png,Basic Metal Energy,PKM-sv6pt5-99-NM
99_hires,https://images.pokemontcg.io/sv6pt5/99_hires.png,Basic Metal Energy,PKM-sv6pt5-99-NM-F
98_hires,https://images.pokemontcg.io/sv6pt5/98_hires.png,Basic Darkness Energy,PKM-sv6pt5-98-NM
98_hires,https://images.pokemontcg.io/sv6pt5/98_hires.png,Basic Darkness Energy,PKM-sv6pt5-98-NM-F
211_hires,https://images.pokemontcg.io/swsh11/211_hires.png,Volo,PKM-swsh11-211-NM-F
211_hires,https://images.pokemontcg.io/swsh11/211_hires.png,Volo,PKM-swsh11-211-NM
94_hires,https://images.pokemontcg.io/sv8/94_hires.png,Flittle,PKM-sv8-94-NM
99_hires,https://images.pokemontcg.io/sv8/99_hires.png,Primeape,PKM-sv8-99-NM-F
190_hires,https://images.pokemontcg.io/swsh11/190_hires.png,Colress's Experiment,PKM-swsh11-190-NM-F
190_hires,https://images.pokemontcg.io/swsh11/190_hires.png,Colress's Experiment,PKM-swsh11-190-NM
101_hires,https://images.pokemontcg.io/sv8/101_hires.png,Paldean Tauros,PKM-sv8-101-NM
10_hires,https://images.pokemontcg.io/mcd18/10_hires.png,Chansey,PKM-mcd18-10-NM-F
10_hires,https://images.pokemontcg.io/mcd18/10_hires.png,Chansey,PKM-mcd18-10-NM
6_hires,https://images.pokemontcg.io/mcd18/6_hires.png,Machop,PKM-mcd18-6-NM-F
6_hires,https://images.pokemontcg.io/mcd18/6_hires.png,Machop,PKM-mcd18-6-NM
8_hires,https://images.pokemontcg.io/mcd18/8_hires.png,Magnemite,PKM-mcd18-8-NM-F
111_hires,https://images.pokemontcg.io/dp3/111_hires.png,Spinda,PKM-dp3-111-NM-F
111_hires,https://images.pokemontcg.io/dp3/111_hires.png,Spinda,PKM-dp3-111-NM
12_hires,https://images.pokemontcg.io/mcd14/12_hires.png,Furfrou,PKM-mcd14-12-NM-F
12_hires,https://images.pokemontcg.io/mcd14/12_hires.png,Furfrou,PKM-mcd14-12-NM
3_hires,https://images.pokemontcg.io/mcd14/3_hires.png,Fennekin,PKM-mcd14-3-NM-F
113_hires,https://images.pokemontcg.io/dp3/113_hires.png,Stantler,PKM-dp3-113-NM
113_hires,https://images.pokemontcg.io/dp3/113_hires.png,Stantler,PKM-dp3-113-NM-F
150_hires,https://images.pokemontcg.io/sv8/150_hires.png,Kecleon,PKM-sv8-150-NM
3_hires,https://images.pokemontcg.io/mcd14/3_hires.png,Fennekin,PKM-mcd14-3-NM
2_hires,https://images.pokemontcg.io/mcd14/2_hires.png,Chespin,PKM-mcd14-2-NM-F
2_hires,https://images.pokemontcg.io/mcd14/2_hires.png,Chespin,PKM-mcd14-2-NM
7_hires,https://images.pokemontcg.io/mcd14/7_hires.png,Honedge,PKM-mcd14-7-NM-F
7_hires,https://images.pokemontcg.io/mcd14/7_hires.png,Honedge,PKM-mcd14-7-NM
5_hires,https://images.pokemontcg.io/mcd14/5_hires.png,Pikachu,PKM-mcd14-5-NM-F
5_hires,https://images.pokemontcg.io/mcd14/5_hires.png,Pikachu,PKM-mcd14-5-NM
6_hires,https://images.pokemontcg.io/mcd14/6_hires.png,Inkay,PKM-mcd14-6-NM-F
6_hires,https://images.pokemontcg.io/mcd14/6_hires.png,Inkay,PKM-mcd14-6-NM
8_hires,https://images.pokemontcg.io/mcd14/8_hires.png,Snubbull,PKM-mcd14-8-NM-F
8_hires,https://images.pokemontcg.io/mcd14/8_hires.png,Snubbull,PKM-mcd14-8-NM
10_hires,https://images.pokemontcg.io/mcd14/10_hires.png,Bunnelby,PKM-mcd14-10-NM
11_hires,https://images.pokemontcg.io/mcd14/11_hires.png,Fletchling,PKM-mcd14-11-NM-F
11_hires,https://images.pokemontcg.io/mcd14/11_hires.png,Fletchling,PKM-mcd14-11-NM
145_hires,https://images.pokemontcg.io/sv8/145_hires.png,Slakoth,PKM-sv8-145-NM-F
153_hires,https://images.pokemontcg.io/sv8/153_hires.png,Braviary,PKM-sv8-153-NM-F
1_hires,https://images.pokemontcg.io/mcd14/1_hires.png,Weedle,PKM-mcd14-1-NM-F
1_hires,https://images.pokemontcg.io/mcd14/1_hires.png,Weedle,PKM-mcd14-1-NM
3_hires,https://images.pokemontcg.io/tk2b/3_hires.png,Charmeleon,PKM-tk2b-3-NM-F
3_hires,https://images.pokemontcg.io/tk2b/3_hires.png,Charmeleon,PKM-tk2b-3-NM
12_hires,https://images.pokemontcg.io/tk2b/12_hires.png,Lightning Energy,PKM-tk2b-12-NM
12_hires,https://images.pokemontcg.io/tk2b/12_hires.png,Lightning Energy,PKM-tk2b-12-NM-F
125_hires,https://images.pokemontcg.io/sv8/125_hires.png,Registeel,PKM-sv8-125-NM-F
125_hires,https://images.pokemontcg.io/sv8/125_hires.png,Registeel,PKM-sv8-125-NM
3_hires,https://images.pokemontcg.io/sv8/3_hires.png,Exeggutor,PKM-sv8-3-NM-F
3_hires,https://images.pokemontcg.io/sv8/3_hires.png,Exeggutor,PKM-sv8-3-NM
17_hires,https://images.pokemontcg.io/sv8/17_hires.png,Ninetales,PKM-sv8-17-NM-F
17_hires,https://images.pokemontcg.io/sv8/17_hires.png,Ninetales,PKM-sv8-17-NM
9_hires,https://images.pokemontcg.io/sv8/9_hires.png,Shiinotic,PKM-sv8-9-NM-F
9_hires,https://images.pokemontcg.io/sv8/9_hires.png,Shiinotic,PKM-sv8-9-NM
112_hires,https://images.pokemontcg.io/dp3/112_hires.png,Squirtle,PKM-dp3-112-NM
112_hires,https://images.pokemontcg.io/dp3/112_hires.png,Squirtle,PKM-dp3-112-NM-F
85_hires,https://images.pokemontcg.io/ecard3/85_hires.png,Pineco,PKM-ecard3-85-NM
SM135_hires,https://images.pokemontcg.io/smp/SM135_hires.png,Latias,PKM-smp-SM135-NM
83_hires,https://images.pokemontcg.io/ecard3/83_hires.png,Nidorina,PKM-ecard3-83-NM
83_hires,https://images.pokemontcg.io/ecard3/83_hires.png,Nidorina,PKM-ecard3-83-NM-F
71_hires,https://images.pokemontcg.io/ecard3/71_hires.png,Lapras,PKM-ecard3-71-NM
202_hires,https://images.pokemontcg.io/sv8/202_hires.png,Stunfisk,PKM-sv8-202-NM-F
194_hires,https://images.pokemontcg.io/sv8/194_hires.png,Shiinotic,PKM-sv8-194-NM-F
194_hires,https://images.pokemontcg.io/sv8/194_hires.png,Shiinotic,PKM-sv8-194-NM
135_hires,https://images.pokemontcg.io/sv8/135_hires.png,Dialga,PKM-sv8-135-NM
161_hires,https://images.pokemontcg.io/sv8/161_hires.png,Terapagos,PKM-sv8-161-NM-F
102_hires,https://images.pokemontcg.io/swsh6/102_hires.png,Seviper,PKM-swsh6-102-NM-F
102_hires,https://images.pokemontcg.io/swsh6/102_hires.png,Seviper,PKM-swsh6-102-NM
161_hires,https://images.pokemontcg.io/sv8/161_hires.png,Terapagos,PKM-sv8-161-NM
192_hires,https://images.pokemontcg.io/sv8/192_hires.png,Exeggcute,PKM-sv8-192-NM-F
192_hires,https://images.pokemontcg.io/sv8/192_hires.png,Exeggcute,PKM-sv8-192-NM
56_hires,https://images.pokemontcg.io/sv8/56_hires.png,Chien-Pao,PKM-sv8-56-NM-F
56_hires,https://images.pokemontcg.io/sv8/56_hires.png,Chien-Pao,PKM-sv8-56-NM
229_hires,https://images.pokemontcg.io/sv8/229_hires.png,Clemont's Quick Wit,PKM-sv8-229-NM
229_hires,https://images.pokemontcg.io/sv8/229_hires.png,Clemont's Quick Wit,PKM-sv8-229-NM-F
231_hires,https://images.pokemontcg.io/sv8/231_hires.png,Drasna,PKM-sv8-231-NM
77_hires,https://images.pokemontcg.io/swsh6/77_hires.png,Dugtrio,PKM-swsh6-77-NM
77_hires,https://images.pokemontcg.io/swsh6/77_hires.png,Dugtrio,PKM-swsh6-77-NM-F
129_hires,https://images.pokemontcg.io/sv8/129_hires.png,Duraludon,PKM-sv8-129-NM-F
129_hires,https://images.pokemontcg.io/sv8/129_hires.png,Duraludon,PKM-sv8-129-NM
76_hires,https://images.pokemontcg.io/swsh6/76_hires.png,Diglett,PKM-swsh6-76-NM
76_hires,https://images.pokemontcg.io/swsh6/76_hires.png,Diglett,PKM-swsh6-76-NM-F
6_hires,https://images.pokemontcg.io/swsh6/6_hires.png,Heracross,PKM-swsh6-6-NM-F
30_hires,https://images.pokemontcg.io/swsh6/30_hires.png,Sneasel,PKM-swsh6-30-NM-F
30_hires,https://images.pokemontcg.io/swsh6/30_hires.png,Sneasel,PKM-swsh6-30-NM
119_hires,https://images.pokemontcg.io/xy9/119_hires.png,Scizor-EX,PKM-xy9-119-NM
55_hires,https://images.pokemontcg.io/swsh6/55_hires.png,Gastly,PKM-swsh6-55-NM-F
55_hires,https://images.pokemontcg.io/swsh6/55_hires.png,Gastly,PKM-swsh6-55-NM
139_hires,https://images.pokemontcg.io/swsh9/139_hires.png,Fresh Water Set,PKM-swsh9-139-NM
139_hires,https://images.pokemontcg.io/swsh9/139_hires.png,Fresh Water Set,PKM-swsh9-139-NM-F
130_hires,https://images.pokemontcg.io/swsh9/130_hires.png,Barry,PKM-swsh9-130-NM
130_hires,https://images.pokemontcg.io/swsh9/130_hires.png,Barry,PKM-swsh9-130-NM-F
71_hires,https://images.pokemontcg.io/swsh6/71_hires.png,Hatenna,PKM-swsh6-71-NM-F
71_hires,https://images.pokemontcg.io/swsh6/71_hires.png,Hatenna,PKM-swsh6-71-NM
140_hires,https://images.pokemontcg.io/swsh9/140_hires.png,Friends in Galar,PKM-swsh9-140-NM
140_hires,https://images.pokemontcg.io/swsh9/140_hires.png,Friends in Galar,PKM-swsh9-140-NM-F
24_hires,https://images.pokemontcg.io/swsh9/24_hires.png,Chimchar,PKM-swsh9-24-NM
24_hires,https://images.pokemontcg.io/swsh9/24_hires.png,Chimchar,PKM-swsh9-24-NM-F
105_hires,https://images.pokemontcg.io/swsh6/105_hires.png,Venipede,PKM-swsh6-105-NM-F
105_hires,https://images.pokemontcg.io/swsh6/105_hires.png,Venipede,PKM-swsh6-105-NM
109_hires,https://images.pokemontcg.io/sv8/109_hires.png,Excadrill,PKM-sv8-109-NM-F
109_hires,https://images.pokemontcg.io/sv8/109_hires.png,Excadrill,PKM-sv8-109-NM
112_hires,https://images.pokemontcg.io/sv8/112_hires.png,Clobbopus,PKM-sv8-112-NM-F
112_hires,https://images.pokemontcg.io/sv8/112_hires.png,Clobbopus,PKM-sv8-112-NM
9_hires,https://images.pokemontcg.io/swsh9/9_hires.png,Burmy,PKM-swsh9-9-NM
9_hires,https://images.pokemontcg.io/swsh9/9_hires.png,Burmy,PKM-swsh9-9-NM-F
113_hires,https://images.pokemontcg.io/sv8/113_hires.png,Grapploct,PKM-sv8-113-NM-F
113_hires,https://images.pokemontcg.io/sv8/113_hires.png,Grapploct,PKM-sv8-113-NM
117_hires,https://images.pokemontcg.io/sv8/117_hires.png,Deino,PKM-sv8-117-NM-F
117_hires,https://images.pokemontcg.io/sv8/117_hires.png,Deino,PKM-sv8-117-NM
3_hires,https://images.pokemontcg.io/swsh9/3_hires.png,Shroomish,PKM-swsh9-3-NM
3_hires,https://images.pokemontcg.io/swsh9/3_hires.png,Shroomish,PKM-swsh9-3-NM-F
147_hires,https://images.pokemontcg.io/swsh9/147_hires.png,Professor's Research,PKM-swsh9-147-NM
147_hires,https://images.pokemontcg.io/swsh9/147_hires.png,Professor's Research,PKM-swsh9-147-NM-F
120_hires,https://images.pokemontcg.io/sv8/120_hires.png,Shroodle,PKM-sv8-120-NM-F
120_hires,https://images.pokemontcg.io/sv8/120_hires.png,Shroodle,PKM-sv8-120-NM
118_hires,https://images.pokemontcg.io/sv8/118_hires.png,Zweilous,PKM-sv8-118-NM-F
118_hires,https://images.pokemontcg.io/sv8/118_hires.png,Zweilous,PKM-sv8-118-NM
124_hires,https://images.pokemontcg.io/sv8/124_hires.png,Skarmory,PKM-sv8-124-NM-F
124_hires,https://images.pokemontcg.io/sv8/124_hires.png,Skarmory,PKM-sv8-124-NM
94_hires,https://images.pokemontcg.io/swsh6/94_hires.png,Koffing,PKM-swsh6-94-NM
94_hires,https://images.pokemontcg.io/swsh6/94_hires.png,Koffing,PKM-swsh6-94-NM-F
62_hires,https://images.pokemontcg.io/swsh6/62_hires.png,Shuppet,PKM-swsh6-62-NM
62_hires,https://images.pokemontcg.io/swsh6/62_hires.png,Shuppet,PKM-swsh6-62-NM-F
1_hires,https://images.pokemontcg.io/swsh6/1_hires.png,Weedle,PKM-swsh6-1-NM-F
1_hires,https://images.pokemontcg.io/swsh6/1_hires.png,Weedle,PKM-swsh6-1-NM
126_hires,https://images.pokemontcg.io/sv8/126_hires.png,Bronzor,PKM-sv8-126-NM-F
126_hires,https://images.pokemontcg.io/sv8/126_hires.png,Bronzor,PKM-sv8-126-NM
127_hires,https://images.pokemontcg.io/sv8/127_hires.png,Bronzong,PKM-sv8-127-NM-F
127_hires,https://images.pokemontcg.io/sv8/127_hires.png,Bronzong,PKM-sv8-127-NM
29_hires,https://images.pokemontcg.io/swsh6/29_hires.png,Lapras,PKM-swsh6-29-NM-F
29_hires,https://images.pokemontcg.io/swsh6/29_hires.png,Lapras,PKM-swsh6-29-NM
37_hires,https://images.pokemontcg.io/swsh6/37_hires.png,Spheal,PKM-swsh6-37-NM-F
132_hires,https://images.pokemontcg.io/swsh9/132_hires.png,Boss's Orders,PKM-swsh9-132-NM
132_hires,https://images.pokemontcg.io/swsh9/132_hires.png,Boss's Orders,PKM-swsh9-132-NM-F
13_hires,https://images.pokemontcg.io/swsh6/13_hires.png,Bounsweet,PKM-swsh6-13-NM
13_hires,https://images.pokemontcg.io/swsh6/13_hires.png,Bounsweet,PKM-swsh6-13-NM-F
4_hires,https://images.pokemontcg.io/swsh6/4_hires.png,Ledyba,PKM-swsh6-4-NM
4_hires,https://images.pokemontcg.io/swsh6/4_hires.png,Ledyba,PKM-swsh6-4-NM-F
24_hires,https://images.pokemontcg.io/sv8/24_hires.png,Larvesta,PKM-sv8-24-NM-F
24_hires,https://images.pokemontcg.io/sv8/24_hires.png,Larvesta,PKM-sv8-24-NM
27_hires,https://images.pokemontcg.io/sv8/27_hires.png,Sizzlipede,PKM-sv8-27-NM-F
221_hires,https://images.pokemontcg.io/swsh6/221_hires.png,Siebold,PKM-swsh6-221-NM
221_hires,https://images.pokemontcg.io/swsh6/221_hires.png,Siebold,PKM-swsh6-221-NM-F
147_hires,https://images.pokemontcg.io/ecard2/147_hires.png,Warp Energy,PKM-ecard2-147-NM
109_hires,https://images.pokemontcg.io/ecard2/109_hires.png,Smeargle,PKM-ecard2-109-NM-F
109_hires,https://images.pokemontcg.io/ecard2/109_hires.png,Smeargle,PKM-ecard2-109-NM
220_hires,https://images.pokemontcg.io/swsh6/220_hires.png,Peony,PKM-swsh6-220-NM
211_hires,https://images.pokemontcg.io/swsh6/211_hires.png,Avery,PKM-swsh6-211-NM-F
113_hires,https://images.pokemontcg.io/ecard2/113_hires.png,Tentacool,PKM-ecard2-113-NM
113_hires,https://images.pokemontcg.io/ecard2/113_hires.png,Tentacool,PKM-ecard2-113-NM-F
111_hires,https://images.pokemontcg.io/ecard2/111_hires.png,Spinarak,PKM-ecard2-111-NM-F
111_hires,https://images.pokemontcg.io/ecard2/111_hires.png,Spinarak,PKM-ecard2-111-NM
117_hires,https://images.pokemontcg.io/ecard2/117_hires.png,Wooper,PKM-ecard2-117-NM
116_hires,https://images.pokemontcg.io/ecard2/116_hires.png,Vulpix,PKM-ecard2-116-NM
116_hires,https://images.pokemontcg.io/ecard2/116_hires.png,Vulpix,PKM-ecard2-116-NM-F
108_hires,https://images.pokemontcg.io/ecard2/108_hires.png,Slowpoke,PKM-ecard2-108-NM
108_hires,https://images.pokemontcg.io/ecard2/108_hires.png,Slowpoke,PKM-ecard2-108-NM-F
106_hires,https://images.pokemontcg.io/ecard2/106_hires.png,Scyther,PKM-ecard2-106-NM
106_hires,https://images.pokemontcg.io/ecard2/106_hires.png,Scyther,PKM-ecard2-106-NM-F
211_hires,https://images.pokemontcg.io/swsh6/211_hires.png,Avery,PKM-swsh6-211-NM
114_hires,https://images.pokemontcg.io/ecard2/114_hires.png,Togepi,PKM-ecard2-114-NM
114_hires,https://images.pokemontcg.io/ecard2/114_hires.png,Togepi,PKM-ecard2-114-NM-F
110_hires,https://images.pokemontcg.io/ecard2/110_hires.png,Sneasel,PKM-ecard2-110-NM
110_hires,https://images.pokemontcg.io/ecard2/110_hires.png,Sneasel,PKM-ecard2-110-NM-F
107_hires,https://images.pokemontcg.io/ecard2/107_hires.png,Sentret,PKM-ecard2-107-NM
107_hires,https://images.pokemontcg.io/ecard2/107_hires.png,Sentret,PKM-ecard2-107-NM-F
112_hires,https://images.pokemontcg.io/ecard2/112_hires.png,Tangela,PKM-ecard2-112-NM
112_hires,https://images.pokemontcg.io/ecard2/112_hires.png,Tangela,PKM-ecard2-112-NM-F
81_hires,https://images.pokemontcg.io/ecard2/81_hires.png,Hitmonchan,PKM-ecard2-81-NM-F
100_hires,https://images.pokemontcg.io/ecard2/100_hires.png,Phanpy,PKM-ecard2-100-NM
100_hires,https://images.pokemontcg.io/ecard2/100_hires.png,Phanpy,PKM-ecard2-100-NM-F
81_hires,https://images.pokemontcg.io/ecard2/81_hires.png,Hitmonchan,PKM-ecard2-81-NM
88_hires,https://images.pokemontcg.io/ecard2/88_hires.png,Kangaskhan,PKM-ecard2-88-NM-F
215_hires,https://images.pokemontcg.io/swsh6/215_hires.png,Flannery,PKM-swsh6-215-NM-F
215_hires,https://images.pokemontcg.io/swsh6/215_hires.png,Flannery,PKM-swsh6-215-NM
88_hires,https://images.pokemontcg.io/ecard2/88_hires.png,Kangaskhan,PKM-ecard2-88-NM
105_hires,https://images.pokemontcg.io/ecard2/105_hires.png,Remoraid,PKM-ecard2-105-NM
69_hires,https://images.pokemontcg.io/ecard2/69_hires.png,Chansey,PKM-ecard2-69-NM
69_hires,https://images.pokemontcg.io/ecard2/69_hires.png,Chansey,PKM-ecard2-69-NM-F
80_hires,https://images.pokemontcg.io/ecard2/80_hires.png,Growlithe,PKM-ecard2-80-NM
80_hires,https://images.pokemontcg.io/ecard2/80_hires.png,Growlithe,PKM-ecard2-80-NM-F
95_hires,https://images.pokemontcg.io/ecard2/95_hires.png,Mr. Mime,PKM-ecard2-95-NM
95_hires,https://images.pokemontcg.io/ecard2/95_hires.png,Mr. Mime,PKM-ecard2-95-NM-F
117_hires,https://images.pokemontcg.io/ecard2/117_hires.png,Wooper,PKM-ecard2-117-NM-F
84_hires,https://images.pokemontcg.io/ecard2/84_hires.png,Horsea,PKM-ecard2-84-NM-F
97_hires,https://images.pokemontcg.io/ecard2/97_hires.png,Oddish,PKM-ecard2-97-NM
97_hires,https://images.pokemontcg.io/ecard2/97_hires.png,Oddish,PKM-ecard2-97-NM-F
94_hires,https://images.pokemontcg.io/ecard2/94_hires.png,Miltank,PKM-ecard2-94-NM-F
94_hires,https://images.pokemontcg.io/ecard2/94_hires.png,Miltank,PKM-ecard2-94-NM
104_hires,https://images.pokemontcg.io/ecard2/104_hires.png,Psyduck,PKM-ecard2-104-NM-F
104_hires,https://images.pokemontcg.io/ecard2/104_hires.png,Psyduck,PKM-ecard2-104-NM
99_hires,https://images.pokemontcg.io/ecard2/99_hires.png,Paras,PKM-ecard2-99-NM-F
99_hires,https://images.pokemontcg.io/ecard2/99_hires.png,Paras,PKM-ecard2-99-NM
70_hires,https://images.pokemontcg.io/ecard2/70_hires.png,Chinchou,PKM-ecard2-70-NM-F
70_hires,https://images.pokemontcg.io/ecard2/70_hires.png,Chinchou,PKM-ecard2-70-NM
75_hires,https://images.pokemontcg.io/ecard2/75_hires.png,Eevee,PKM-ecard2-75-NM
75_hires,https://images.pokemontcg.io/ecard2/75_hires.png,Eevee,PKM-ecard2-75-NM-F
98_hires,https://images.pokemontcg.io/ecard2/98_hires.png,Onix,PKM-ecard2-98-NM-F
98_hires,https://images.pokemontcg.io/ecard2/98_hires.png,Onix,PKM-ecard2-98-NM
102_hires,https://images.pokemontcg.io/ecard2/102_hires.png,Ponyta,PKM-ecard2-102-NM-F
102_hires,https://images.pokemontcg.io/ecard2/102_hires.png,Ponyta,PKM-ecard2-102-NM
93_hires,https://images.pokemontcg.io/ecard2/93_hires.png,Mareep,PKM-ecard2-93-NM-F
93_hires,https://images.pokemontcg.io/ecard2/93_hires.png,Mareep,PKM-ecard2-93-NM
86_hires,https://images.pokemontcg.io/ecard2/86_hires.png,Houndour,PKM-ecard2-86-NM
78_hires,https://images.pokemontcg.io/ecard2/78_hires.png,Goldeen,PKM-ecard2-78-NM-F
78_hires,https://images.pokemontcg.io/ecard2/78_hires.png,Goldeen,PKM-ecard2-78-NM
92_hires,https://images.pokemontcg.io/ecard2/92_hires.png,Mankey,PKM-ecard2-92-NM-F
92_hires,https://images.pokemontcg.io/ecard2/92_hires.png,Mankey,PKM-ecard2-92-NM
76_hires,https://images.pokemontcg.io/ecard2/76_hires.png,Exeggcute,PKM-ecard2-76-NM
76_hires,https://images.pokemontcg.io/ecard2/76_hires.png,Exeggcute,PKM-ecard2-76-NM-F
199_hires,https://images.pokemontcg.io/swsh6/199_hires.png,Celebi VMAX,PKM-swsh6-199-NM-F
199_hires,https://images.pokemontcg.io/swsh6/199_hires.png,Celebi VMAX,PKM-swsh6-199-NM
218_hires,https://images.pokemontcg.io/swsh6/218_hires.png,Melony,PKM-swsh6-218-NM
86_hires,https://images.pokemontcg.io/ecard2/86_hires.png,Houndour,PKM-ecard2-86-NM-F
27_hires,https://images.pokemontcg.io/sv8/27_hires.png,Sizzlipede,PKM-sv8-27-NM
219_hires,https://images.pokemontcg.io/swsh6/219_hires.png,Peonia,PKM-swsh6-219-NM-F
219_hires,https://images.pokemontcg.io/swsh6/219_hires.png,Peonia,PKM-swsh6-219-NM
214_hires,https://images.pokemontcg.io/swsh6/214_hires.png,Doctor,PKM-swsh6-214-NM-F
214_hires,https://images.pokemontcg.io/swsh6/214_hires.png,Doctor,PKM-swsh6-214-NM
30_hires,https://images.pokemontcg.io/sv8/30_hires.png,Crocalor,PKM-sv8-30-NM-F
30_hires,https://images.pokemontcg.io/sv8/30_hires.png,Crocalor,PKM-sv8-30-NM
25_hires,https://images.pokemontcg.io/sv8/25_hires.png,Volcarona,PKM-sv8-25-NM-F
5_hires,https://images.pokemontcg.io/sv8/5_hires.png,Scatterbug,PKM-sv8-5-NM-F
5_hires,https://images.pokemontcg.io/sv8/5_hires.png,Scatterbug,PKM-sv8-5-NM
8_hires,https://images.pokemontcg.io/sv8/8_hires.png,Morelull,PKM-sv8-8-NM-F
8_hires,https://images.pokemontcg.io/sv8/8_hires.png,Morelull,PKM-sv8-8-NM
10_hires,https://images.pokemontcg.io/sv8/10_hires.png,Dhelmise,PKM-sv8-10-NM-F
10_hires,https://images.pokemontcg.io/sv8/10_hires.png,Dhelmise,PKM-sv8-10-NM
193_hires,https://images.pokemontcg.io/swsh6/193_hires.png,Karen's Conviction,PKM-swsh6-193-NM-F
176_hires,https://images.pokemontcg.io/swsh6/176_hires.png,Galarian Moltres V,PKM-swsh6-176-NM
176_hires,https://images.pokemontcg.io/swsh6/176_hires.png,Galarian Moltres V,PKM-swsh6-176-NM-F
XY174_hires,https://images.pokemontcg.io/xyp/XY174_hires.png,Pikachu-EX,PKM-xyp-XY174-NM
186_hires,https://images.pokemontcg.io/swsh6/186_hires.png,Agatha,PKM-swsh6-186-NM
190_hires,https://images.pokemontcg.io/swsh6/190_hires.png,Doctor,PKM-swsh6-190-NM
190_hires,https://images.pokemontcg.io/swsh6/190_hires.png,Doctor,PKM-swsh6-190-NM-F
180_hires,https://images.pokemontcg.io/swsh6/180_hires.png,Liepard V,PKM-swsh6-180-NM-F
28_hires,https://images.pokemontcg.io/sv8/28_hires.png,Centiskorch,PKM-sv8-28-NM-F
28_hires,https://images.pokemontcg.io/sv8/28_hires.png,Centiskorch,PKM-sv8-28-NM
188_hires,https://images.pokemontcg.io/swsh6/188_hires.png,Brawly,PKM-swsh6-188-NM-F
188_hires,https://images.pokemontcg.io/swsh6/188_hires.png,Brawly,PKM-swsh6-188-NM
189_hires,https://images.pokemontcg.io/swsh6/189_hires.png,Caitlin,PKM-swsh6-189-NM-F
189_hires,https://images.pokemontcg.io/swsh6/189_hires.png,Caitlin,PKM-swsh6-189-NM
191_hires,https://images.pokemontcg.io/swsh6/191_hires.png,Flannery,PKM-swsh6-191-NM-F
191_hires,https://images.pokemontcg.io/swsh6/191_hires.png,Flannery,PKM-swsh6-191-NM
20_hires,https://images.pokemontcg.io/sv8/20_hires.png,Castform Sunny Form,PKM-sv8-20-NM-F
20_hires,https://images.pokemontcg.io/sv8/20_hires.png,Castform Sunny Form,PKM-sv8-20-NM
22_hires,https://images.pokemontcg.io/sv8/22_hires.png,Pansear,PKM-sv8-22-NM-F
22_hires,https://images.pokemontcg.io/sv8/22_hires.png,Pansear,PKM-sv8-22-NM
12_hires,https://images.pokemontcg.io/sv8/12_hires.png,Capsakid,PKM-sv8-12-NM-F
12_hires,https://images.pokemontcg.io/sv8/12_hires.png,Capsakid,PKM-sv8-12-NM
26_hires,https://images.pokemontcg.io/sv8/26_hires.png,Oricorio,PKM-sv8-26-NM
40_hires,https://images.pokemontcg.io/sv8/40_hires.png,Mantine,PKM-sv8-40-NM-F
40_hires,https://images.pokemontcg.io/sv8/40_hires.png,Mantine,PKM-sv8-40-NM
103_hires,https://images.pokemontcg.io/ecard2/103_hires.png,Porygon,PKM-ecard2-103-NM-F
79_hires,https://images.pokemontcg.io/ecard2/79_hires.png,Grimer,PKM-ecard2-79-NM
79_hires,https://images.pokemontcg.io/ecard2/79_hires.png,Grimer,PKM-ecard2-79-NM-F
84_hires,https://images.pokemontcg.io/ecard2/84_hires.png,Horsea,PKM-ecard2-84-NM
194_hires,https://images.pokemontcg.io/swsh6/194_hires.png,Klara,PKM-swsh6-194-NM-F
194_hires,https://images.pokemontcg.io/swsh6/194_hires.png,Klara,PKM-swsh6-194-NM
77_hires,https://images.pokemontcg.io/ecard2/77_hires.png,Exeggcute,PKM-ecard2-77-NM-F
77_hires,https://images.pokemontcg.io/ecard2/77_hires.png,Exeggcute,PKM-ecard2-77-NM
90_hires,https://images.pokemontcg.io/ecard2/90_hires.png,Lickitung,PKM-ecard2-90-NM-F
90_hires,https://images.pokemontcg.io/ecard2/90_hires.png,Lickitung,PKM-ecard2-90-NM
101_hires,https://images.pokemontcg.io/ecard2/101_hires.png,Pinsir,PKM-ecard2-101-NM-F
101_hires,https://images.pokemontcg.io/ecard2/101_hires.png,Pinsir,PKM-ecard2-101-NM
91_hires,https://images.pokemontcg.io/ecard2/91_hires.png,Magnemite,PKM-ecard2-91-NM
85_hires,https://images.pokemontcg.io/ecard2/85_hires.png,Horsea,PKM-ecard2-85-NM
85_hires,https://images.pokemontcg.io/ecard2/85_hires.png,Horsea,PKM-ecard2-85-NM-F
96_hires,https://images.pokemontcg.io/ecard2/96_hires.png,Nidoran ♂,PKM-ecard2-96-NM-F
96_hires,https://images.pokemontcg.io/ecard2/96_hires.png,Nidoran ♂,PKM-ecard2-96-NM
91_hires,https://images.pokemontcg.io/ecard2/91_hires.png,Magnemite,PKM-ecard2-91-NM-F
103_hires,https://images.pokemontcg.io/ecard2/103_hires.png,Porygon,PKM-ecard2-103-NM
89_hires,https://images.pokemontcg.io/ecard2/89_hires.png,Larvitar,PKM-ecard2-89-NM-F
89_hires,https://images.pokemontcg.io/ecard2/89_hires.png,Larvitar,PKM-ecard2-89-NM
96_hires,https://images.pokemontcg.io/swsh11/96_hires.png,Gliscor,PKM-swsh11-96-NM-F
87_hires,https://images.pokemontcg.io/ecard2/87_hires.png,Houndour,PKM-ecard2-87-NM
105_hires,https://images.pokemontcg.io/ex8/105_hires.png,Latias ★,PKM-ex8-105-NM-F
227_hires,https://images.pokemontcg.io/swsh6/227_hires.png,Fog Crystal,PKM-swsh6-227-NM
226_hires,https://images.pokemontcg.io/swsh6/226_hires.png,Fan of Waves,PKM-swsh6-226-NM-F
226_hires,https://images.pokemontcg.io/swsh6/226_hires.png,Fan of Waves,PKM-swsh6-226-NM
43_hires,https://images.pokemontcg.io/sv8/43_hires.png,Spheal,PKM-sv8-43-NM-F
43_hires,https://images.pokemontcg.io/sv8/43_hires.png,Spheal,PKM-sv8-43-NM
46_hires,https://images.pokemontcg.io/sv8/46_hires.png,Shellos,PKM-sv8-46-NM-F
46_hires,https://images.pokemontcg.io/sv8/46_hires.png,Shellos,PKM-sv8-46-NM
32_hires,https://images.pokemontcg.io/sv8/32_hires.png,Charcadet,PKM-sv8-32-NM-F
32_hires,https://images.pokemontcg.io/sv8/32_hires.png,Charcadet,PKM-sv8-32-NM
33_hires,https://images.pokemontcg.io/sv8/33_hires.png,Charcadet,PKM-sv8-33-NM-F
33_hires,https://images.pokemontcg.io/sv8/33_hires.png,Charcadet,PKM-sv8-33-NM
106_hires,https://images.pokemontcg.io/ex8/106_hires.png,Latios ★,PKM-ex8-106-NM
41_hires,https://images.pokemontcg.io/sv8/41_hires.png,Feebas,PKM-sv8-41-NM-F
41_hires,https://images.pokemontcg.io/sv8/41_hires.png,Feebas,PKM-sv8-41-NM
53_hires,https://images.pokemontcg.io/sv8/53_hires.png,Cetoddle,PKM-sv8-53-NM-F
53_hires,https://images.pokemontcg.io/sv8/53_hires.png,Cetoddle,PKM-sv8-53-NM
58_hires,https://images.pokemontcg.io/sv8/58_hires.png,Magnemite,PKM-sv8-58-NM-F
105_hires,https://images.pokemontcg.io/ex8/105_hires.png,Latias ★,PKM-ex8-105-NM
106_hires,https://images.pokemontcg.io/ex8/106_hires.png,Latios ★,PKM-ex8-106-NM-F
108_hires,https://images.pokemontcg.io/ex8/108_hires.png,Rocket's Raikou ex,PKM-ex8-108-NM-F
228_hires,https://images.pokemontcg.io/swsh6/228_hires.png,Rugged Helmet,PKM-swsh6-228-NM-F
228_hires,https://images.pokemontcg.io/swsh6/228_hires.png,Rugged Helmet,PKM-swsh6-228-NM
62_hires,https://images.pokemontcg.io/sv8/62_hires.png,Blitzle,PKM-sv8-62-NM-F
62_hires,https://images.pokemontcg.io/sv8/62_hires.png,Blitzle,PKM-sv8-62-NM
229_hires,https://images.pokemontcg.io/swsh6/229_hires.png,Urn of Vitality,PKM-swsh6-229-NM-F
110_hires,https://images.pokemontcg.io/dp1/110_hires.png,Poké Ball,PKM-dp1-110-NM-F
105_hires,https://images.pokemontcg.io/dp1/105_hires.png,Double Full Heal,PKM-dp1-105-NM
111_hires,https://images.pokemontcg.io/dp1/111_hires.png,Pokédex HANDY910is,PKM-dp1-111-NM
111_hires,https://images.pokemontcg.io/dp1/111_hires.png,Pokédex HANDY910is,PKM-dp1-111-NM-F
112_hires,https://images.pokemontcg.io/dp1/112_hires.png,Professor Rowan,PKM-dp1-112-NM-F
112_hires,https://images.pokemontcg.io/dp1/112_hires.png,Professor Rowan,PKM-dp1-112-NM
66_hires,https://images.pokemontcg.io/sv8/66_hires.png,Wattrel,PKM-sv8-66-NM-F
66_hires,https://images.pokemontcg.io/sv8/66_hires.png,Wattrel,PKM-sv8-66-NM
63_hires,https://images.pokemontcg.io/sv8/63_hires.png,Zebstrika,PKM-sv8-63-NM-F
63_hires,https://images.pokemontcg.io/sv8/63_hires.png,Zebstrika,PKM-sv8-63-NM
116_hires,https://images.pokemontcg.io/dp1/116_hires.png,Warp Point,PKM-dp1-116-NM
116_hires,https://images.pokemontcg.io/dp1/116_hires.png,Warp Point,PKM-dp1-116-NM-F
114_hires,https://images.pokemontcg.io/dp1/114_hires.png,Speed Stadium,PKM-dp1-114-NM-F
114_hires,https://images.pokemontcg.io/dp1/114_hires.png,Speed Stadium,PKM-dp1-114-NM
64_hires,https://images.pokemontcg.io/sv8/64_hires.png,Stunfisk,PKM-sv8-64-NM-F
64_hires,https://images.pokemontcg.io/sv8/64_hires.png,Stunfisk,PKM-sv8-64-NM
73_hires,https://images.pokemontcg.io/sv8/73_hires.png,Marill,PKM-sv8-73-NM-F
78_hires,https://images.pokemontcg.io/sv8/78_hires.png,Uxie,PKM-sv8-78-NM-F
78_hires,https://images.pokemontcg.io/sv8/78_hires.png,Uxie,PKM-sv8-78-NM
79_hires,https://images.pokemontcg.io/sv8/79_hires.png,Mesprit,PKM-sv8-79-NM-F
79_hires,https://images.pokemontcg.io/sv8/79_hires.png,Mesprit,PKM-sv8-79-NM
108_hires,https://images.pokemontcg.io/dp1/108_hires.png,Night Pokémon Center,PKM-dp1-108-NM
108_hires,https://images.pokemontcg.io/dp1/108_hires.png,Night Pokémon Center,PKM-dp1-108-NM-F
115_hires,https://images.pokemontcg.io/dp1/115_hires.png,Super Scoop Up,PKM-dp1-115-NM-F
115_hires,https://images.pokemontcg.io/dp1/115_hires.png,Super Scoop Up,PKM-dp1-115-NM
106_hires,https://images.pokemontcg.io/dp1/106_hires.png,Energy Restore,PKM-dp1-106-NM-F
107_hires,https://images.pokemontcg.io/dp1/107_hires.png,Energy Switch,PKM-dp1-107-NM
107_hires,https://images.pokemontcg.io/dp1/107_hires.png,Energy Switch,PKM-dp1-107-NM-F
106_hires,https://images.pokemontcg.io/dp1/106_hires.png,Energy Restore,PKM-dp1-106-NM
80_hires,https://images.pokemontcg.io/sv8/80_hires.png,Azelf,PKM-sv8-80-NM-F
80_hires,https://images.pokemontcg.io/sv8/80_hires.png,Azelf,PKM-sv8-80-NM
81_hires,https://images.pokemontcg.io/sv8/81_hires.png,Sigilyph,PKM-sv8-81-NM-F
81_hires,https://images.pokemontcg.io/sv8/81_hires.png,Sigilyph,PKM-sv8-81-NM
101_hires,https://images.pokemontcg.io/dp1/101_hires.png,Starly,PKM-dp1-101-NM
118_hires,https://images.pokemontcg.io/dp1/118_hires.png,Potion,PKM-dp1-118-NM
101_hires,https://images.pokemontcg.io/dp1/101_hires.png,Starly,PKM-dp1-101-NM-F
229_hires,https://images.pokemontcg.io/swsh6/229_hires.png,Urn of Vitality,PKM-swsh6-229-NM
124_hires,https://images.pokemontcg.io/dp1/124_hires.png,Fire Energy,PKM-dp1-124-NM
82_hires,https://images.pokemontcg.io/sv8/82_hires.png,Yamask,PKM-sv8-82-NM-F
82_hires,https://images.pokemontcg.io/sv8/82_hires.png,Yamask,PKM-sv8-82-NM
84_hires,https://images.pokemontcg.io/sv8/84_hires.png,Espurr,PKM-sv8-84-NM-F
84_hires,https://images.pokemontcg.io/sv8/84_hires.png,Espurr,PKM-sv8-84-NM
104_hires,https://images.pokemontcg.io/dp1/104_hires.png,Wurmple,PKM-dp1-104-NM
104_hires,https://images.pokemontcg.io/dp1/104_hires.png,Wurmple,PKM-dp1-104-NM-F
102_hires,https://images.pokemontcg.io/sv5/102_hires.png,Gastly,PKM-sv5-102-NM
127_hires,https://images.pokemontcg.io/dp1/127_hires.png,Psychic Energy,PKM-dp1-127-NM
127_hires,https://images.pokemontcg.io/dp1/127_hires.png,Psychic Energy,PKM-dp1-127-NM-F
232_hires,https://images.pokemontcg.io/swsh6/232_hires.png,Psychic Energy,PKM-swsh6-232-NM-F
232_hires,https://images.pokemontcg.io/swsh6/232_hires.png,Psychic Energy,PKM-swsh6-232-NM
230_hires,https://images.pokemontcg.io/swsh6/230_hires.png,Welcoming Lantern,PKM-swsh6-230-NM-F
230_hires,https://images.pokemontcg.io/swsh6/230_hires.png,Welcoming Lantern,PKM-swsh6-230-NM
123_hires,https://images.pokemontcg.io/dp1/123_hires.png,Grass Energy,PKM-dp1-123-NM
123_hires,https://images.pokemontcg.io/dp1/123_hires.png,Grass Energy,PKM-dp1-123-NM-F
129_hires,https://images.pokemontcg.io/dp1/129_hires.png,Darkness Energy,PKM-dp1-129-NM-F
129_hires,https://images.pokemontcg.io/dp1/129_hires.png,Darkness Energy,PKM-dp1-129-NM
89_hires,https://images.pokemontcg.io/sv8/89_hires.png,Oricorio,PKM-sv8-89-NM-F
89_hires,https://images.pokemontcg.io/sv8/89_hires.png,Oricorio,PKM-sv8-89-NM
90_hires,https://images.pokemontcg.io/sv8/90_hires.png,Sandygast,PKM-sv8-90-NM-F
103_hires,https://images.pokemontcg.io/dp1/103_hires.png,Turtwig,PKM-dp1-103-NM-F
103_hires,https://images.pokemontcg.io/dp1/103_hires.png,Turtwig,PKM-dp1-103-NM
XY142_hires,https://images.pokemontcg.io/xyp/XY142_hires.png,Azelf,PKM-xyp-XY142-NM
97_hires,https://images.pokemontcg.io/swsh11/97_hires.png,Makuhita,PKM-swsh11-97-NM
233_hires,https://images.pokemontcg.io/swsh6/233_hires.png,Fighting Energy,PKM-swsh6-233-NM-F
233_hires,https://images.pokemontcg.io/swsh6/233_hires.png,Fighting Energy,PKM-swsh6-233-NM
98_hires,https://images.pokemontcg.io/dp1/98_hires.png,Shinx,PKM-dp1-98-NM-F
98_hires,https://images.pokemontcg.io/dp1/98_hires.png,Shinx,PKM-dp1-98-NM
130_hires,https://images.pokemontcg.io/dp1/130_hires.png,Metal Energy,PKM-dp1-130-NM
130_hires,https://images.pokemontcg.io/dp1/130_hires.png,Metal Energy,PKM-dp1-130-NM-F
128_hires,https://images.pokemontcg.io/dp1/128_hires.png,Fighting Energy,PKM-dp1-128-NM-F
128_hires,https://images.pokemontcg.io/dp1/128_hires.png,Fighting Energy,PKM-dp1-128-NM
130_hires,https://images.pokemontcg.io/swsh5/130_hires.png,Phoebe,PKM-swsh5-130-NM-F
130_hires,https://images.pokemontcg.io/swsh5/130_hires.png,Phoebe,PKM-swsh5-130-NM
132_hires,https://images.pokemontcg.io/swsh5/132_hires.png,Rapid Strike Style Mustard,PKM-swsh5-132-NM-F
132_hires,https://images.pokemontcg.io/swsh5/132_hires.png,Rapid Strike Style Mustard,PKM-swsh5-132-NM
117_hires,https://images.pokemontcg.io/dp1/117_hires.png,Energy Search,PKM-dp1-117-NM
117_hires,https://images.pokemontcg.io/dp1/117_hires.png,Energy Search,PKM-dp1-117-NM-F
90_hires,https://images.pokemontcg.io/sv8/90_hires.png,Sandygast,PKM-sv8-90-NM
97_hires,https://images.pokemontcg.io/sv8/97_hires.png,Gimmighoul,PKM-sv8-97-NM-F
97_hires,https://images.pokemontcg.io/sv8/97_hires.png,Gimmighoul,PKM-sv8-97-NM
99_hires,https://images.pokemontcg.io/sv8/99_hires.png,Primeape,PKM-sv8-99-NM
129_hires,https://images.pokemontcg.io/swsh5/129_hires.png,Level Ball,PKM-swsh5-129-NM
129_hires,https://images.pokemontcg.io/swsh5/129_hires.png,Level Ball,PKM-swsh5-129-NM-F
123_hires,https://images.pokemontcg.io/swsh5/123_hires.png,Cheryl,PKM-swsh5-123-NM
123_hires,https://images.pokemontcg.io/swsh5/123_hires.png,Cheryl,PKM-swsh5-123-NM-F
102_hires,https://images.pokemontcg.io/sv8/102_hires.png,Phanpy,PKM-sv8-102-NM-F
102_hires,https://images.pokemontcg.io/sv8/102_hires.png,Phanpy,PKM-sv8-102-NM
103_hires,https://images.pokemontcg.io/sv8/103_hires.png,Donphan,PKM-sv8-103-NM-F
103_hires,https://images.pokemontcg.io/sv8/103_hires.png,Donphan,PKM-sv8-103-NM
104_hires,https://images.pokemontcg.io/sv8/104_hires.png,Trapinch,PKM-sv8-104-NM
105_hires,https://images.pokemontcg.io/sv8/105_hires.png,Vibrava,PKM-sv8-105-NM-F
105_hires,https://images.pokemontcg.io/sv8/105_hires.png,Vibrava,PKM-sv8-105-NM
148_hires,https://images.pokemontcg.io/sv8/148_hires.png,Swablu,PKM-sv8-148-NM-F
148_hires,https://images.pokemontcg.io/sv8/148_hires.png,Swablu,PKM-sv8-148-NM
149_hires,https://images.pokemontcg.io/sv8/149_hires.png,Zangoose,PKM-sv8-149-NM-F
149_hires,https://images.pokemontcg.io/sv8/149_hires.png,Zangoose,PKM-sv8-149-NM
150_hires,https://images.pokemontcg.io/sv8/150_hires.png,Kecleon,PKM-sv8-150-NM-F
5_hires,https://images.pokemontcg.io/swsh5/5_hires.png,Cacturne,PKM-swsh5-5-NM-F
5_hires,https://images.pokemontcg.io/swsh5/5_hires.png,Cacturne,PKM-swsh5-5-NM
97_hires,https://images.pokemontcg.io/dp1/97_hires.png,Seedot,PKM-dp1-97-NM
97_hires,https://images.pokemontcg.io/dp1/97_hires.png,Seedot,PKM-dp1-97-NM-F
126_hires,https://images.pokemontcg.io/dp1/126_hires.png,Lightning Energy,PKM-dp1-126-NM
118_hires,https://images.pokemontcg.io/dp1/118_hires.png,Potion,PKM-dp1-118-NM-F
126_hires,https://images.pokemontcg.io/dp1/126_hires.png,Lightning Energy,PKM-dp1-126-NM-F
125_hires,https://images.pokemontcg.io/dp1/125_hires.png,Water Energy,PKM-dp1-125-NM
125_hires,https://images.pokemontcg.io/dp1/125_hires.png,Water Energy,PKM-dp1-125-NM-F
124_hires,https://images.pokemontcg.io/dp1/124_hires.png,Fire Energy,PKM-dp1-124-NM-F
119_hires,https://images.pokemontcg.io/dp1/119_hires.png,Switch,PKM-dp1-119-NM-F
95_hires,https://images.pokemontcg.io/dp1/95_hires.png,Rhyhorn,PKM-dp1-95-NM-F
95_hires,https://images.pokemontcg.io/dp1/95_hires.png,Rhyhorn,PKM-dp1-95-NM
114_hires,https://images.pokemontcg.io/xy10/114_hires.png,Double Colorless Energy,PKM-xy10-114-NM
114_hires,https://images.pokemontcg.io/xy10/114_hires.png,Double Colorless Energy,PKM-xy10-114-NM-F
95_hires,https://images.pokemontcg.io/xy10/95_hires.png,Devolution Spray,PKM-xy10-95-NM-F
95_hires,https://images.pokemontcg.io/xy10/95_hires.png,Devolution Spray,PKM-xy10-95-NM
106_hires,https://images.pokemontcg.io/xy10/106_hires.png,Old Amber Aerodactyl,PKM-xy10-106-NM-F
111_hires,https://images.pokemontcg.io/xy10/111_hires.png,Shauna,PKM-xy10-111-NM-F
XY197_hires,https://images.pokemontcg.io/xyp/XY197_hires.png,Arceus,PKM-xyp-XY197-NM-F
99_hires,https://images.pokemontcg.io/xy10/99_hires.png,Fairy Drop,PKM-xy10-99-NM-F
99_hires,https://images.pokemontcg.io/xy10/99_hires.png,Fairy Drop,PKM-xy10-99-NM
138_hires,https://images.pokemontcg.io/sv8/138_hires.png,Applin,PKM-sv8-138-NM-F
138_hires,https://images.pokemontcg.io/sv8/138_hires.png,Applin,PKM-sv8-138-NM
143_hires,https://images.pokemontcg.io/sv8/143_hires.png,Eevee,PKM-sv8-143-NM-F
143_hires,https://images.pokemontcg.io/sv8/143_hires.png,Eevee,PKM-sv8-143-NM
144_hires,https://images.pokemontcg.io/sv8/144_hires.png,Snorlax,PKM-sv8-144-NM-F
144_hires,https://images.pokemontcg.io/sv8/144_hires.png,Snorlax,PKM-sv8-144-NM
155_hires,https://images.pokemontcg.io/sv8/155_hires.png,Heliolisk,PKM-sv8-155-NM-F
155_hires,https://images.pokemontcg.io/sv8/155_hires.png,Heliolisk,PKM-sv8-155-NM
152_hires,https://images.pokemontcg.io/sv8/152_hires.png,Rufflet,PKM-sv8-152-NM-F
152_hires,https://images.pokemontcg.io/sv8/152_hires.png,Rufflet,PKM-sv8-152-NM
156_hires,https://images.pokemontcg.io/sv8/156_hires.png,Oranguru,PKM-sv8-156-NM-F
156_hires,https://images.pokemontcg.io/sv8/156_hires.png,Oranguru,PKM-sv8-156-NM
173_hires,https://images.pokemontcg.io/sv8/173_hires.png,Drasna,PKM-sv8-173-NM-F
173_hires,https://images.pokemontcg.io/sv8/173_hires.png,Drasna,PKM-sv8-173-NM
2_hires,https://images.pokemontcg.io/sv8/2_hires.png,Exeggcute,PKM-sv8-2-NM-F
2_hires,https://images.pokemontcg.io/sv8/2_hires.png,Exeggcute,PKM-sv8-2-NM
108_hires,https://images.pokemontcg.io/sv8/108_hires.png,Drilbur,PKM-sv8-108-NM-F
108_hires,https://images.pokemontcg.io/sv8/108_hires.png,Drilbur,PKM-sv8-108-NM
1_hires,https://images.pokemontcg.io/sv8/1_hires.png,Exeggcute,PKM-sv8-1-NM-F
1_hires,https://images.pokemontcg.io/sv8/1_hires.png,Exeggcute,PKM-sv8-1-NM
29_hires,https://images.pokemontcg.io/sv8/29_hires.png,Fuecoco,PKM-sv8-29-NM-F
6_hires,https://images.pokemontcg.io/sv8/6_hires.png,Spewpa,PKM-sv8-6-NM-F
6_hires,https://images.pokemontcg.io/sv8/6_hires.png,Spewpa,PKM-sv8-6-NM
23_hires,https://images.pokemontcg.io/sv8/23_hires.png,Simisear,PKM-sv8-23-NM-F
23_hires,https://images.pokemontcg.io/sv8/23_hires.png,Simisear,PKM-sv8-23-NM
128_hires,https://images.pokemontcg.io/sv8/128_hires.png,Klefki,PKM-sv8-128-NM-F
47_hires,https://images.pokemontcg.io/sv8/47_hires.png,Cryogonal,PKM-sv8-47-NM-F
47_hires,https://images.pokemontcg.io/sv8/47_hires.png,Cryogonal,PKM-sv8-47-NM
44_hires,https://images.pokemontcg.io/sv8/44_hires.png,Sealeo,PKM-sv8-44-NM-F
44_hires,https://images.pokemontcg.io/sv8/44_hires.png,Sealeo,PKM-sv8-44-NM
51_hires,https://images.pokemontcg.io/sv8/51_hires.png,Quaxwell,PKM-sv8-51-NM-F
51_hires,https://images.pokemontcg.io/sv8/51_hires.png,Quaxwell,PKM-sv8-51-NM
54_hires,https://images.pokemontcg.io/sv8/54_hires.png,Cetitan,PKM-sv8-54-NM-F
54_hires,https://images.pokemontcg.io/sv8/54_hires.png,Cetitan,PKM-sv8-54-NM
70_hires,https://images.pokemontcg.io/sv8/70_hires.png,Togepi,PKM-sv8-70-NM
61_hires,https://images.pokemontcg.io/sv8/61_hires.png,Rotom,PKM-sv8-61-NM-F
61_hires,https://images.pokemontcg.io/sv8/61_hires.png,Rotom,PKM-sv8-61-NM
71_hires,https://images.pokemontcg.io/sv8/71_hires.png,Togetic,PKM-sv8-71-NM-F
71_hires,https://images.pokemontcg.io/sv8/71_hires.png,Togetic,PKM-sv8-71-NM
70_hires,https://images.pokemontcg.io/sv8/70_hires.png,Togepi,PKM-sv8-70-NM-F
75_hires,https://images.pokemontcg.io/sv8/75_hires.png,Smoochum,PKM-sv8-75-NM-F
75_hires,https://images.pokemontcg.io/sv8/75_hires.png,Smoochum,PKM-sv8-75-NM
87_hires,https://images.pokemontcg.io/sv8/87_hires.png,Dedenne,PKM-sv8-87-NM-F
87_hires,https://images.pokemontcg.io/sv8/87_hires.png,Dedenne,PKM-sv8-87-NM
98_hires,https://images.pokemontcg.io/sv8/98_hires.png,Mankey,PKM-sv8-98-NM-F
98_hires,https://images.pokemontcg.io/sv8/98_hires.png,Mankey,PKM-sv8-98-NM
146_hires,https://images.pokemontcg.io/sv8/146_hires.png,Vigoroth,PKM-sv8-146-NM-F
103_hires,https://images.pokemontcg.io/xy10/103_hires.png,Lass's Special,PKM-xy10-103-NM-F
103_hires,https://images.pokemontcg.io/xy10/103_hires.png,Lass's Special,PKM-xy10-103-NM
193_hires,https://images.pokemontcg.io/sv8/193_hires.png,Vivillon,PKM-sv8-193-NM-F
193_hires,https://images.pokemontcg.io/sv8/193_hires.png,Vivillon,PKM-sv8-193-NM
SWSH167_hires,https://images.pokemontcg.io/swshp/SWSH167_hires.png,Professor Burnet,PKM-swshp-SWSH167-NM
199_hires,https://images.pokemontcg.io/sv8/199_hires.png,Spheal,PKM-sv8-199-NM-F
199_hires,https://images.pokemontcg.io/sv8/199_hires.png,Spheal,PKM-sv8-199-NM
201_hires,https://images.pokemontcg.io/sv8/201_hires.png,Cetitan,PKM-sv8-201-NM-F
201_hires,https://images.pokemontcg.io/sv8/201_hires.png,Cetitan,PKM-sv8-201-NM
203_hires,https://images.pokemontcg.io/sv8/203_hires.png,Latios,PKM-sv8-203-NM-F
203_hires,https://images.pokemontcg.io/sv8/203_hires.png,Latios,PKM-sv8-203-NM
105_hires,https://images.pokemontcg.io/xy10/105_hires.png,N,PKM-xy10-105-NM-F
105_hires,https://images.pokemontcg.io/xy10/105_hires.png,N,PKM-xy10-105-NM
214_hires,https://images.pokemontcg.io/sv8/214_hires.png,Braviary,PKM-sv8-214-NM-F
210_hires,https://images.pokemontcg.io/sv8/210_hires.png,Flapple,PKM-sv8-210-NM
210_hires,https://images.pokemontcg.io/sv8/210_hires.png,Flapple,PKM-sv8-210-NM-F
107_hires,https://images.pokemontcg.io/xy10/107_hires.png,Pokémon Fan Club,PKM-xy10-107-NM-F
107_hires,https://images.pokemontcg.io/xy10/107_hires.png,Pokémon Fan Club,PKM-xy10-107-NM
111a_hires,https://images.pokemontcg.io/xy10/111a_hires.png,Shauna,PKM-xy10-111a-NM-F
119_hires,https://images.pokemontcg.io/xy10/119_hires.png,Umbreon-EX,PKM-xy10-119-NM-F
119_hires,https://images.pokemontcg.io/xy10/119_hires.png,Umbreon-EX,PKM-xy10-119-NM
94_hires,https://images.pokemontcg.io/ex6/94_hires.png,Mt. Moon,PKM-ex6-94-NM
96_hires,https://images.pokemontcg.io/ex6/96_hires.png,PokéDex HANDY909,PKM-ex6-96-NM
96_hires,https://images.pokemontcg.io/ex6/96_hires.png,PokéDex HANDY909,PKM-ex6-96-NM-F
97_hires,https://images.pokemontcg.io/ex6/97_hires.png,Pokémon Reversal,PKM-ex6-97-NM
98_hires,https://images.pokemontcg.io/ex6/98_hires.png,Prof. Oak's Research,PKM-ex6-98-NM-F
98_hires,https://images.pokemontcg.io/ex6/98_hires.png,Prof. Oak's Research,PKM-ex6-98-NM
94_hires,https://images.pokemontcg.io/ex6/94_hires.png,Mt. Moon,PKM-ex6-94-NM-F
202_hires,https://images.pokemontcg.io/sv8/202_hires.png,Stunfisk,PKM-sv8-202-NM
198_hires,https://images.pokemontcg.io/sv8/198_hires.png,Feebas,PKM-sv8-198-NM
198_hires,https://images.pokemontcg.io/sv8/198_hires.png,Feebas,PKM-sv8-198-NM-F
100_hires,https://images.pokemontcg.io/ex6/100_hires.png,VS Seeker,PKM-ex6-100-NM-F
100_hires,https://images.pokemontcg.io/ex6/100_hires.png,VS Seeker,PKM-ex6-100-NM
99_hires,https://images.pokemontcg.io/ex6/99_hires.png,Super Scoop Up,PKM-ex6-99-NM-F
99_hires,https://images.pokemontcg.io/ex6/99_hires.png,Super Scoop Up,PKM-ex6-99-NM
101_hires,https://images.pokemontcg.io/ex6/101_hires.png,Potion,PKM-ex6-101-NM
102_hires,https://images.pokemontcg.io/ex6/102_hires.png,Switch,PKM-ex6-102-NM
102_hires,https://images.pokemontcg.io/ex6/102_hires.png,Switch,PKM-ex6-102-NM-F
101_hires,https://images.pokemontcg.io/ex6/101_hires.png,Potion,PKM-ex6-101-NM-F
115_hires,https://images.pokemontcg.io/ex6/115_hires.png,Moltres ex,PKM-ex6-115-NM-F
115_hires,https://images.pokemontcg.io/ex6/115_hires.png,Moltres ex,PKM-ex6-115-NM
106_hires,https://images.pokemontcg.io/ex6/106_hires.png,Clefable ex,PKM-ex6-106-NM-F
106_hires,https://images.pokemontcg.io/ex6/106_hires.png,Clefable ex,PKM-ex6-106-NM
105_hires,https://images.pokemontcg.io/xy2/105_hires.png,Pokémon Center Lady,PKM-xy2-105-NM-F
111_hires,https://images.pokemontcg.io/xy12/111_hires.png,Surfing Pikachu,PKM-xy12-111-NM-F
113_hires,https://images.pokemontcg.io/xy12/113_hires.png,Here Comes Team Rocket!,PKM-xy12-113-NM
107_hires,https://images.pokemontcg.io/ex9/107_hires.png,Farfetch'd,PKM-ex9-107-NM
107_hires,https://images.pokemontcg.io/ex9/107_hires.png,Farfetch'd,PKM-ex9-107-NM-F
102_hires,https://images.pokemontcg.io/ex9/102_hires.png,Fire Energy,PKM-ex9-102-NM
102_hires,https://images.pokemontcg.io/ex9/102_hires.png,Fire Energy,PKM-ex9-102-NM-F
105_hires,https://images.pokemontcg.io/ex9/105_hires.png,Psychic Energy,PKM-ex9-105-NM
105_hires,https://images.pokemontcg.io/ex9/105_hires.png,Psychic Energy,PKM-ex9-105-NM-F
106_hires,https://images.pokemontcg.io/ex9/106_hires.png,Fighting Energy,PKM-ex9-106-NM
106_hires,https://images.pokemontcg.io/ex9/106_hires.png,Fighting Energy,PKM-ex9-106-NM-F
104_hires,https://images.pokemontcg.io/ex9/104_hires.png,Lightning Energy,PKM-ex9-104-NM-F
104_hires,https://images.pokemontcg.io/ex9/104_hires.png,Lightning Energy,PKM-ex9-104-NM
103_hires,https://images.pokemontcg.io/ex9/103_hires.png,Water Energy,PKM-ex9-103-NM
103_hires,https://images.pokemontcg.io/ex9/103_hires.png,Water Energy,PKM-ex9-103-NM-F
101_hires,https://images.pokemontcg.io/ex9/101_hires.png,Grass Energy,PKM-ex9-101-NM
101_hires,https://images.pokemontcg.io/ex9/101_hires.png,Grass Energy,PKM-ex9-101-NM-F
105_hires,https://images.pokemontcg.io/bw9/105_hires.png,Team Plasma Ball,PKM-bw9-105-NM
16_hires,https://images.pokemontcg.io/swsh11/16_hires.png,Phantump,PKM-swsh11-16-NM-F
91_hires,https://images.pokemontcg.io/ex9/91_hires.png,Cacturne ex,PKM-ex9-91-NM-F
91_hires,https://images.pokemontcg.io/ex9/91_hires.png,Cacturne ex,PKM-ex9-91-NM
98_hires,https://images.pokemontcg.io/ex9/98_hires.png,Regice ex,PKM-ex9-98-NM
93_hires,https://images.pokemontcg.io/ex9/93_hires.png,Deoxys ex,PKM-ex9-93-NM-F
93_hires,https://images.pokemontcg.io/ex9/93_hires.png,Deoxys ex,PKM-ex9-93-NM
97_hires,https://images.pokemontcg.io/ex9/97_hires.png,Raichu ex,PKM-ex9-97-NM-F
97_hires,https://images.pokemontcg.io/ex9/97_hires.png,Raichu ex,PKM-ex9-97-NM
196_hires,https://images.pokemontcg.io/sv8/196_hires.png,Larvesta,PKM-sv8-196-NM
196_hires,https://images.pokemontcg.io/sv8/196_hires.png,Larvesta,PKM-sv8-196-NM-F
208_hires,https://images.pokemontcg.io/sv8/208_hires.png,Alolan Dugtrio,PKM-sv8-208-NM
208_hires,https://images.pokemontcg.io/sv8/208_hires.png,Alolan Dugtrio,PKM-sv8-208-NM-F
95_hires,https://images.pokemontcg.io/bw9/95_hires.png,Starly,PKM-bw9-95-NM
95_hires,https://images.pokemontcg.io/bw9/95_hires.png,Starly,PKM-bw9-95-NM-F
156_hires,https://images.pokemontcg.io/sv7/156_hires.png,Hydrapple ex,PKM-sv7-156-NM-F
207_hires,https://images.pokemontcg.io/sv8/207_hires.png,Clobbopus,PKM-sv8-207-NM
207_hires,https://images.pokemontcg.io/sv8/207_hires.png,Clobbopus,PKM-sv8-207-NM-F
7_hires,https://images.pokemontcg.io/mcd15/7_hires.png,Electrike,PKM-mcd15-7-NM-F
11_hires,https://images.pokemontcg.io/tk2a/11_hires.png,Lightning Energy,PKM-tk2a-11-NM
205_hires,https://images.pokemontcg.io/sv8/205_hires.png,Phanpy,PKM-sv8-205-NM
205_hires,https://images.pokemontcg.io/sv8/205_hires.png,Phanpy,PKM-sv8-205-NM-F
116_hires,https://images.pokemontcg.io/bw9/116_hires.png,Professor Juniper,PKM-bw9-116-NM
116_hires,https://images.pokemontcg.io/bw9/116_hires.png,Professor Juniper,PKM-bw9-116-NM-F
138_hires,https://images.pokemontcg.io/swsh6/138_hires.png,Fire-Resistant Gloves,PKM-swsh6-138-NM-F
138_hires,https://images.pokemontcg.io/swsh6/138_hires.png,Fire-Resistant Gloves,PKM-swsh6-138-NM
108_hires,https://images.pokemontcg.io/bw9/108_hires.png,Rock Guard,PKM-bw9-108-NM-F
108_hires,https://images.pokemontcg.io/bw9/108_hires.png,Rock Guard,PKM-bw9-108-NM
116_hires,https://images.pokemontcg.io/xy1/116_hires.png,Evosoda,PKM-xy1-116-NM
122_hires,https://images.pokemontcg.io/xy1/122_hires.png,Professor Sycamore,PKM-xy1-122-NM
122_hires,https://images.pokemontcg.io/xy1/122_hires.png,Professor Sycamore,PKM-xy1-122-NM-F
RC13_hires,https://images.pokemontcg.io/g1/RC13_hires.png,Jirachi,PKM-g1-RC13-NM-F
124_hires,https://images.pokemontcg.io/xy1/124_hires.png,Red Card,PKM-xy1-124-NM
124_hires,https://images.pokemontcg.io/xy1/124_hires.png,Red Card,PKM-xy1-124-NM-F
130_hires,https://images.pokemontcg.io/xy1/130_hires.png,Double Colorless Energy,PKM-xy1-130-NM
130_hires,https://images.pokemontcg.io/xy1/130_hires.png,Double Colorless Energy,PKM-xy1-130-NM-F
150_hires,https://images.pokemontcg.io/swsh6/150_hires.png,Peony,PKM-swsh6-150-NM
156_hires,https://images.pokemontcg.io/swsh6/156_hires.png,Welcoming Lantern,PKM-swsh6-156-NM-F
35_hires,https://images.pokemontcg.io/sv8/35_hires.png,Ceruledge,PKM-sv8-35-NM-F
35_hires,https://images.pokemontcg.io/sv8/35_hires.png,Ceruledge,PKM-sv8-35-NM
156_hires,https://images.pokemontcg.io/swsh6/156_hires.png,Welcoming Lantern,PKM-swsh6-156-NM
158_hires,https://images.pokemontcg.io/swsh6/158_hires.png,Lucky Energy,PKM-swsh6-158-NM-F
158_hires,https://images.pokemontcg.io/swsh6/158_hires.png,Lucky Energy,PKM-swsh6-158-NM
130_hires,https://images.pokemontcg.io/swsh6/130_hires.png,Avery,PKM-swsh6-130-NM-F
130_hires,https://images.pokemontcg.io/swsh6/130_hires.png,Avery,PKM-swsh6-130-NM
115_hires,https://images.pokemontcg.io/xy1/115_hires.png,Cassius,PKM-xy1-115-NM
133_hires,https://images.pokemontcg.io/swsh6/133_hires.png,Crushing Gloves,PKM-swsh6-133-NM-F
133_hires,https://images.pokemontcg.io/swsh6/133_hires.png,Crushing Gloves,PKM-swsh6-133-NM
102_hires,https://images.pokemontcg.io/xy1/102_hires.png,Taillow,PKM-xy1-102-NM
102_hires,https://images.pokemontcg.io/xy1/102_hires.png,Taillow,PKM-xy1-102-NM-F
108_hires,https://images.pokemontcg.io/xy1/108_hires.png,Lillipup,PKM-xy1-108-NM-F
108_hires,https://images.pokemontcg.io/xy1/108_hires.png,Lillipup,PKM-xy1-108-NM
113_hires,https://images.pokemontcg.io/xy1/113_hires.png,Fletchling,PKM-xy1-113-NM-F
113_hires,https://images.pokemontcg.io/xy1/113_hires.png,Fletchling,PKM-xy1-113-NM
137_hires,https://images.pokemontcg.io/swsh6/137_hires.png,Expedition Uniform,PKM-swsh6-137-NM-F
137_hires,https://images.pokemontcg.io/swsh6/137_hires.png,Expedition Uniform,PKM-swsh6-137-NM
52_hires,https://images.pokemontcg.io/sv8/52_hires.png,Quaquaval,PKM-sv8-52-NM
69_hires,https://images.pokemontcg.io/sv8/69_hires.png,Miraidon,PKM-sv8-69-NM
59_hires,https://images.pokemontcg.io/sv8/59_hires.png,Magneton,PKM-sv8-59-NM-F
59_hires,https://images.pokemontcg.io/sv8/59_hires.png,Magneton,PKM-sv8-59-NM
69_hires,https://images.pokemontcg.io/sv8/69_hires.png,Miraidon,PKM-sv8-69-NM-F
85_hires,https://images.pokemontcg.io/sv8/85_hires.png,Meowstic,PKM-sv8-85-NM-F
85_hires,https://images.pokemontcg.io/sv8/85_hires.png,Meowstic,PKM-sv8-85-NM
88_hires,https://images.pokemontcg.io/sv8/88_hires.png,Xerneas,PKM-sv8-88-NM-F
88_hires,https://images.pokemontcg.io/sv8/88_hires.png,Xerneas,PKM-sv8-88-NM
140_hires,https://images.pokemontcg.io/swsh6/140_hires.png,Fog Crystal,PKM-swsh6-140-NM-F
140_hires,https://images.pokemontcg.io/swsh6/140_hires.png,Fog Crystal,PKM-swsh6-140-NM
146_hires,https://images.pokemontcg.io/swsh6/146_hires.png,Melony,PKM-swsh6-146-NM
142_hires,https://images.pokemontcg.io/swsh6/142_hires.png,Honey,PKM-swsh6-142-NM
142_hires,https://images.pokemontcg.io/swsh6/142_hires.png,Honey,PKM-swsh6-142-NM-F
106_hires,https://images.pokemontcg.io/xy1/106_hires.png,Bidoof,PKM-xy1-106-NM
106_hires,https://images.pokemontcg.io/xy1/106_hires.png,Bidoof,PKM-xy1-106-NM-F
95_hires,https://images.pokemontcg.io/sv8/95_hires.png,Espathra,PKM-sv8-95-NM-F
95_hires,https://images.pokemontcg.io/sv8/95_hires.png,Espathra,PKM-sv8-95-NM
240_hires,https://images.pokemontcg.io/sv4/240_hires.png,Professor Turo's Scenario,PKM-sv4-240-NM-F
104_hires,https://images.pokemontcg.io/xy1/104_hires.png,Skitty,PKM-xy1-104-NM
104_hires,https://images.pokemontcg.io/xy1/104_hires.png,Skitty,PKM-xy1-104-NM-F
140_hires,https://images.pokemontcg.io/xy1/140_hires.png,Fairy Energy,PKM-xy1-140-NM-F
240_hires,https://images.pokemontcg.io/sv4/240_hires.png,Professor Turo's Scenario,PKM-sv4-240-NM
138_hires,https://images.pokemontcg.io/xy1/138_hires.png,Darkness Energy,PKM-xy1-138-NM
138_hires,https://images.pokemontcg.io/xy1/138_hires.png,Darkness Energy,PKM-xy1-138-NM-F
132_hires,https://images.pokemontcg.io/xy1/132_hires.png,Grass Energy,PKM-xy1-132-NM
134_hires,https://images.pokemontcg.io/xy1/134_hires.png,Water Energy,PKM-xy1-134-NM
134_hires,https://images.pokemontcg.io/xy1/134_hires.png,Water Energy,PKM-xy1-134-NM-F
132_hires,https://images.pokemontcg.io/xy1/132_hires.png,Grass Energy,PKM-xy1-132-NM-F
139_hires,https://images.pokemontcg.io/xy1/139_hires.png,Metal Energy,PKM-xy1-139-NM
139_hires,https://images.pokemontcg.io/xy1/139_hires.png,Metal Energy,PKM-xy1-139-NM-F
135_hires,https://images.pokemontcg.io/xy1/135_hires.png,Lightning Energy,PKM-xy1-135-NM-F
133_hires,https://images.pokemontcg.io/xy1/133_hires.png,Fire Energy,PKM-xy1-133-NM
137_hires,https://images.pokemontcg.io/xy1/137_hires.png,Fighting Energy,PKM-xy1-137-NM
137_hires,https://images.pokemontcg.io/xy1/137_hires.png,Fighting Energy,PKM-xy1-137-NM-F
136_hires,https://images.pokemontcg.io/xy1/136_hires.png,Psychic Energy,PKM-xy1-136-NM-F
143_hires,https://images.pokemontcg.io/xy1/143_hires.png,Emolga-EX,PKM-xy1-143-NM-F
241_hires,https://images.pokemontcg.io/sv4/241_hires.png,Rika,PKM-sv4-241-NM-F
241_hires,https://images.pokemontcg.io/sv4/241_hires.png,Rika,PKM-sv4-241-NM
102_hires,https://images.pokemontcg.io/ex13/102_hires.png,Gyarados ★ δ,PKM-ex13-102-NM
102_hires,https://images.pokemontcg.io/ex13/102_hires.png,Gyarados ★ δ,PKM-ex13-102-NM-F
108_hires,https://images.pokemontcg.io/ex13/108_hires.png,Lightning Energy,PKM-ex13-108-NM-F
108_hires,https://images.pokemontcg.io/ex13/108_hires.png,Lightning Energy,PKM-ex13-108-NM
105_hires,https://images.pokemontcg.io/ex13/105_hires.png,Grass Energy,PKM-ex13-105-NM-F
105_hires,https://images.pokemontcg.io/ex13/105_hires.png,Grass Energy,PKM-ex13-105-NM
106_hires,https://images.pokemontcg.io/ex13/106_hires.png,Fire Energy,PKM-ex13-106-NM-F
107_hires,https://images.pokemontcg.io/ex13/107_hires.png,Water Energy,PKM-ex13-107-NM
107_hires,https://images.pokemontcg.io/ex13/107_hires.png,Water Energy,PKM-ex13-107-NM-F
110_hires,https://images.pokemontcg.io/ex13/110_hires.png,Fighting Energy,PKM-ex13-110-NM
110_hires,https://images.pokemontcg.io/ex13/110_hires.png,Fighting Energy,PKM-ex13-110-NM-F
106_hires,https://images.pokemontcg.io/ex13/106_hires.png,Fire Energy,PKM-ex13-106-NM
86_hires,https://images.pokemontcg.io/dp7/86_hires.png,Luxury Ball,PKM-dp7-86-NM-F
86_hires,https://images.pokemontcg.io/dp7/86_hires.png,Luxury Ball,PKM-dp7-86-NM
89_hires,https://images.pokemontcg.io/dp7/89_hires.png,Poké Drawer +,PKM-dp7-89-NM-F
96_hires,https://images.pokemontcg.io/sv8/96_hires.png,Flutter Mane,PKM-sv8-96-NM-F
96_hires,https://images.pokemontcg.io/sv8/96_hires.png,Flutter Mane,PKM-sv8-96-NM
139_hires,https://images.pokemontcg.io/sv8/139_hires.png,Flapple,PKM-sv8-139-NM-F
139_hires,https://images.pokemontcg.io/sv8/139_hires.png,Flapple,PKM-sv8-139-NM
95_hires,https://images.pokemontcg.io/dp7/95_hires.png,Warp Energy,PKM-dp7-95-NM
95_hires,https://images.pokemontcg.io/dp7/95_hires.png,Warp Energy,PKM-dp7-95-NM-F
89_hires,https://images.pokemontcg.io/dp7/89_hires.png,Poké Drawer +,PKM-dp7-89-NM
91_hires,https://images.pokemontcg.io/dp7/91_hires.png,Premier Ball,PKM-dp7-91-NM-F
91_hires,https://images.pokemontcg.io/dp7/91_hires.png,Premier Ball,PKM-dp7-91-NM
94_hires,https://images.pokemontcg.io/dp7/94_hires.png,Cyclone Energy,PKM-dp7-94-NM-F
94_hires,https://images.pokemontcg.io/dp7/94_hires.png,Cyclone Energy,PKM-dp7-94-NM
137_hires,https://images.pokemontcg.io/sv8/137_hires.png,Turtonator,PKM-sv8-137-NM-F
137_hires,https://images.pokemontcg.io/sv8/137_hires.png,Turtonator,PKM-sv8-137-NM
SH1_hires,https://images.pokemontcg.io/dp7/SH1_hires.png,Drifloon,PKM-dp7-SH1-NM-F
SH1_hires,https://images.pokemontcg.io/dp7/SH1_hires.png,Drifloon,PKM-dp7-SH1-NM
180_hires,https://images.pokemontcg.io/sv8/180_hires.png,Lively Stadium,PKM-sv8-180-NM-F
180_hires,https://images.pokemontcg.io/sv8/180_hires.png,Lively Stadium,PKM-sv8-180-NM
132_hires,https://images.pokemontcg.io/swsh6/132_hires.png,Caitlin,PKM-swsh6-132-NM
14_hires,https://images.pokemontcg.io/sv8/14_hires.png,Rabsca,PKM-sv8-14-NM-F
14_hires,https://images.pokemontcg.io/sv8/14_hires.png,Rabsca,PKM-sv8-14-NM
31_hires,https://images.pokemontcg.io/sv8/31_hires.png,Skeledirge,PKM-sv8-31-NM-F
31_hires,https://images.pokemontcg.io/sv8/31_hires.png,Skeledirge,PKM-sv8-31-NM
46_hires,https://images.pokemontcg.io/swsh11/46_hires.png,Ducklett,PKM-swsh11-46-NM-F
60_hires,https://images.pokemontcg.io/swsh6/60_hires.png,Kirlia,PKM-swsh6-60-NM
60_hires,https://images.pokemontcg.io/swsh6/60_hires.png,Kirlia,PKM-swsh6-60-NM-F
2_hires,https://images.pokemontcg.io/swsh6/2_hires.png,Kakuna,PKM-swsh6-2-NM-F
92_hires,https://images.pokemontcg.io/dp7/92_hires.png,Potion,PKM-dp7-92-NM-F
93_hires,https://images.pokemontcg.io/dp7/93_hires.png,Switch,PKM-dp7-93-NM-F
93_hires,https://images.pokemontcg.io/dp7/93_hires.png,Switch,PKM-dp7-93-NM
2_hires,https://images.pokemontcg.io/swsh6/2_hires.png,Kakuna,PKM-swsh6-2-NM
102_hires,https://images.pokemontcg.io/hgss1/102_hires.png,Switch,PKM-hgss1-102-NM-F
117_hires,https://images.pokemontcg.io/hgss1/117_hires.png,Water Energy,PKM-hgss1-117-NM-F
120_hires,https://images.pokemontcg.io/hgss1/120_hires.png,Fighting Energy,PKM-hgss1-120-NM
117_hires,https://images.pokemontcg.io/hgss1/117_hires.png,Water Energy,PKM-hgss1-117-NM
116_hires,https://images.pokemontcg.io/hgss1/116_hires.png,Fire Energy,PKM-hgss1-116-NM-F
116_hires,https://images.pokemontcg.io/hgss1/116_hires.png,Fire Energy,PKM-hgss1-116-NM
5_hires,https://images.pokemontcg.io/swsh6/5_hires.png,Ledian,PKM-swsh6-5-NM-F
5_hires,https://images.pokemontcg.io/swsh6/5_hires.png,Ledian,PKM-swsh6-5-NM
118_hires,https://images.pokemontcg.io/hgss1/118_hires.png,Lightning Energy,PKM-hgss1-118-NM-F
119_hires,https://images.pokemontcg.io/hgss1/119_hires.png,Psychic Energy,PKM-hgss1-119-NM-F
119_hires,https://images.pokemontcg.io/hgss1/119_hires.png,Psychic Energy,PKM-hgss1-119-NM
153_hires,https://images.pokemontcg.io/swsh6/153_hires.png,Siebold,PKM-swsh6-153-NM
153_hires,https://images.pokemontcg.io/swsh6/153_hires.png,Siebold,PKM-swsh6-153-NM-F
121_hires,https://images.pokemontcg.io/hgss1/121_hires.png,Darkness Energy,PKM-hgss1-121-NM-F
121_hires,https://images.pokemontcg.io/hgss1/121_hires.png,Darkness Energy,PKM-hgss1-121-NM
120_hires,https://images.pokemontcg.io/hgss1/120_hires.png,Fighting Energy,PKM-hgss1-120-NM-F
122_hires,https://images.pokemontcg.io/hgss1/122_hires.png,Metal Energy,PKM-hgss1-122-NM-F
122_hires,https://images.pokemontcg.io/hgss1/122_hires.png,Metal Energy,PKM-hgss1-122-NM
115_hires,https://images.pokemontcg.io/hgss1/115_hires.png,Grass Energy,PKM-hgss1-115-NM-F
115_hires,https://images.pokemontcg.io/hgss1/115_hires.png,Grass Energy,PKM-hgss1-115-NM
ONE_hires,https://images.pokemontcg.io/hgss1/ONE_hires.png,Alph Lithograph,PKM-hgss1-ONE-NM
ONE_hires,https://images.pokemontcg.io/hgss1/ONE_hires.png,Alph Lithograph,PKM-hgss1-ONE-NM-F
RC15_hires,https://images.pokemontcg.io/g1/RC15_hires.png,Meowstic,PKM-g1-RC15-NM
RC20_hires,https://images.pokemontcg.io/g1/RC20_hires.png,Slurpuff,PKM-g1-RC20-NM-F
RC20_hires,https://images.pokemontcg.io/g1/RC20_hires.png,Slurpuff,PKM-g1-RC20-NM
RC8_hires,https://images.pokemontcg.io/g1/RC8_hires.png,Froslass,PKM-g1-RC8-NM-F
RC8_hires,https://images.pokemontcg.io/g1/RC8_hires.png,Froslass,PKM-g1-RC8-NM
RC22_hires,https://images.pokemontcg.io/g1/RC22_hires.png,Diancie,PKM-g1-RC22-NM-F
83_hires,https://images.pokemontcg.io/sv8/83_hires.png,Cofagrigus,PKM-sv8-83-NM-F
83_hires,https://images.pokemontcg.io/sv8/83_hires.png,Cofagrigus,PKM-sv8-83-NM
132_hires,https://images.pokemontcg.io/sv8/132_hires.png,Iron Crown,PKM-sv8-132-NM-F
132_hires,https://images.pokemontcg.io/sv8/132_hires.png,Iron Crown,PKM-sv8-132-NM
139_hires,https://images.pokemontcg.io/swsh6/139_hires.png,Flannery,PKM-swsh6-139-NM
139_hires,https://images.pokemontcg.io/swsh6/139_hires.png,Flannery,PKM-swsh6-139-NM-F
46_hires,https://images.pokemontcg.io/swsh11/46_hires.png,Ducklett,PKM-swsh11-46-NM
141_hires,https://images.pokemontcg.io/sv8/141_hires.png,Eternatus,PKM-sv8-141-NM
135_hires,https://images.pokemontcg.io/sv8/135_hires.png,Dialga,PKM-sv8-135-NM-F
117_hires,https://images.pokemontcg.io/sv7/117_hires.png,Purugly,PKM-sv7-117-NM-F
117_hires,https://images.pokemontcg.io/sv7/117_hires.png,Purugly,PKM-sv7-117-NM
118_hires,https://images.pokemontcg.io/sv7/118_hires.png,Fan Rotom,PKM-sv7-118-NM-F
118_hires,https://images.pokemontcg.io/sv7/118_hires.png,Fan Rotom,PKM-sv7-118-NM
112_hires,https://images.pokemontcg.io/sv7/112_hires.png,Tauros,PKM-sv7-112-NM-F
112_hires,https://images.pokemontcg.io/sv7/112_hires.png,Tauros,PKM-sv7-112-NM
113_hires,https://images.pokemontcg.io/sv7/113_hires.png,Eevee,PKM-sv7-113-NM-F
114_hires,https://images.pokemontcg.io/sv7/114_hires.png,Hoothoot,PKM-sv7-114-NM-F
114_hires,https://images.pokemontcg.io/sv7/114_hires.png,Hoothoot,PKM-sv7-114-NM
121_hires,https://images.pokemontcg.io/sv7/121_hires.png,Fletchling,PKM-sv7-121-NM-F
121_hires,https://images.pokemontcg.io/sv7/121_hires.png,Fletchling,PKM-sv7-121-NM
122_hires,https://images.pokemontcg.io/sv7/122_hires.png,Fletchinder,PKM-sv7-122-NM-F
122_hires,https://images.pokemontcg.io/sv7/122_hires.png,Fletchinder,PKM-sv7-122-NM
XY140_hires,https://images.pokemontcg.io/xyp/XY140_hires.png,Lucario,PKM-xyp-XY140-NM
XY140_hires,https://images.pokemontcg.io/xyp/XY140_hires.png,Lucario,PKM-xyp-XY140-NM-F
25_hires,https://images.pokemontcg.io/swsh45/25_hires.png,Volcanion,PKM-swsh45-25-NM
22_hires,https://images.pokemontcg.io/swsh45/22_hires.png,Buizel,PKM-swsh45-22-NM
124_hires,https://images.pokemontcg.io/sv7/124_hires.png,Wooloo,PKM-sv7-124-NM-F
124_hires,https://images.pokemontcg.io/sv7/124_hires.png,Wooloo,PKM-sv7-124-NM
126_hires,https://images.pokemontcg.io/sv7/126_hires.png,Lechonk,PKM-sv7-126-NM-F
126_hires,https://images.pokemontcg.io/sv7/126_hires.png,Lechonk,PKM-sv7-126-NM
127_hires,https://images.pokemontcg.io/sv7/127_hires.png,Cyclizar,PKM-sv7-127-NM-F
127_hires,https://images.pokemontcg.io/sv7/127_hires.png,Cyclizar,PKM-sv7-127-NM
15_hires,https://images.pokemontcg.io/sv7/15_hires.png,Nymble,PKM-sv7-15-NM-F
15_hires,https://images.pokemontcg.io/sv7/15_hires.png,Nymble,PKM-sv7-15-NM
5_hires,https://images.pokemontcg.io/sv7/5_hires.png,Lileep,PKM-sv7-5-NM
2_hires,https://images.pokemontcg.io/sv7/2_hires.png,Ledyba,PKM-sv7-2-NM-F
2_hires,https://images.pokemontcg.io/sv7/2_hires.png,Ledyba,PKM-sv7-2-NM
7_hires,https://images.pokemontcg.io/sv7/7_hires.png,Carnivine,PKM-sv7-7-NM-F
7_hires,https://images.pokemontcg.io/sv7/7_hires.png,Carnivine,PKM-sv7-7-NM
41_hires,https://images.pokemontcg.io/swsh45/41_hires.png,Koffing,PKM-swsh45-41-NM-F
31_hires,https://images.pokemontcg.io/swsh45/31_hires.png,Shinx,PKM-swsh45-31-NM-F
20_hires,https://images.pokemontcg.io/swsh45/20_hires.png,Horsea,PKM-swsh45-20-NM
20_hires,https://images.pokemontcg.io/swsh45/20_hires.png,Horsea,PKM-swsh45-20-NM-F
29_hires,https://images.pokemontcg.io/sv7/29_hires.png,Charcadet,PKM-sv7-29-NM-F
29_hires,https://images.pokemontcg.io/sv7/29_hires.png,Charcadet,PKM-sv7-29-NM
33_hires,https://images.pokemontcg.io/sv7/33_hires.png,Marill,PKM-sv7-33-NM-F
33_hires,https://images.pokemontcg.io/sv7/33_hires.png,Marill,PKM-sv7-33-NM
41_hires,https://images.pokemontcg.io/swsh45/41_hires.png,Koffing,PKM-swsh45-41-NM
39_hires,https://images.pokemontcg.io/sv7/39_hires.png,Froakie,PKM-sv7-39-NM-F
39_hires,https://images.pokemontcg.io/sv7/39_hires.png,Froakie,PKM-sv7-39-NM
43_hires,https://images.pokemontcg.io/sv7/43_hires.png,Chewtle,PKM-sv7-43-NM-F
43_hires,https://images.pokemontcg.io/sv7/43_hires.png,Chewtle,PKM-sv7-43-NM
101_hires,https://images.pokemontcg.io/sm7/101_hires.png,Kartana,PKM-sm7-101-NM-F
103_hires,https://images.pokemontcg.io/sm7/103_hires.png,Bagon,PKM-sm7-103-NM
103_hires,https://images.pokemontcg.io/sm7/103_hires.png,Bagon,PKM-sm7-103-NM-F
52_hires,https://images.pokemontcg.io/sv7/52_hires.png,Charjabug,PKM-sv7-52-NM-F
52_hires,https://images.pokemontcg.io/sv7/52_hires.png,Charjabug,PKM-sv7-52-NM
68_hires,https://images.pokemontcg.io/sv7/68_hires.png,Flittle,PKM-sv7-68-NM-F
68_hires,https://images.pokemontcg.io/sv7/68_hires.png,Flittle,PKM-sv7-68-NM
77_hires,https://images.pokemontcg.io/sv7/77_hires.png,Meditite,PKM-sv7-77-NM-F
77_hires,https://images.pokemontcg.io/sv7/77_hires.png,Meditite,PKM-sv7-77-NM
